-1,,,1526,7,,,184,,,,464,580,,14,128,,,166.56,0,,,3570,0,,4.076907,9,,36,35,,1350864,0,7333.11,,5,,12,,,,,,104,168,117625.6,,1175,6,,720,8,,,0,1212385,69134,,,185,0,9,,397579,,,1812252,,,142,,,38418,,,,0,,,,0,,462,bZkvyxLkBI,RO12,,taul,1K8T,lK27,ka_ns41,nQUveAzAF7,,,dXGu,9_Y1,FbIm,VpdQ,haYg,me75fM6ugJ,kIsH,uKAI,L84s,XfqtO3UdzaXh_,,,XTbPUYD,sH5Z,cJvF,FzaX,1YVfGrO,oslk,fXVEsaq,jySVZNlOJy,,,xb3V,RAYp,F2FyR07IdsN7I,
-1,,,525,0,,,0,,,,168,210,,2,24,,,353.52,0,,,4764966,0,,5.408032,9,3,26,0,,2872928,3,151098.9,,25,,2,,58158,,,,40,40,-356411.6,,590,72,,0,,,,8,4136430,357038,,,0,0,9,,278334,,,10439160,,,32,,,238572,,,,0,,,,0,,,CEat0G8rTN,RO12,,taul,1K8T,2Ix5,qEdASpP,y2LIM01bE1,,,lg1t,9_Y1,k13i,sJzTlal,zm5i,me75fM6ugJ,kIsH,uKAI,L84s,NhsEn4L,,,kZJyVg2,,,FzaX,0AJo2f2,oslk,2Kb5FSF,LM8l689qOp,,,fKCe,RAYp,F2FyR07IdsN7I,
-1,,,5236,7,,,904,,,,1212,1515,,26,816,,,220.08,0,,,5883894,0,,6.599658,9,,130,518,,1675776,0,16211.58,,40,,58,,,,,,312,336,405104,,3230,114,,5967,-28,,,0,3478905,248932,,,800,0,36,,320565,,,9826360,,,206,,,434946,,,,0,,,,0,,,eOQt0GoOh3,AERks4l,SEuy,taul,1K8T,ffXs,NldASpP,y4g9XoZ,vynJTq9,smXZ,4bTR,9_Y1,MGOA,VpdQ,haYg,DHn_WUyBhW_whjA88g9bvA64_,kIsH,uKAI,L84s,UbxQ8lZ,,TTGHfSv,pMWAe2U,bHR7,UYBR,FzaX,JFM1BiF,Al6ZaUT,NKv4yOc,jySVZNlOJy,,kG3k,Qu4f,02N6s8f,ib5G6X1eUxUn6,am7c
-1,,,,0,,,0,,,,,0,,,0,,,22.08,0,,,0,0,,1.98825,9,,12,0,,0,0,,,0,,0,,,,,,,0,-275703.6,,,0,,0,-14,,,0,0,0,,,0,0,,,,,,0,,,0,,,0,,,,0,,,,0,,,jg69tYsGvO,RO12,,taul,1K8T,ssAy,_ybO0dd,4hMlgkf58mhwh,,,W8mQ,9_Y1,YULl,VpdQ,,me75fM6ugJ,kIsH,uKAI,Mtgm,NhsEn4L,,,kq0dQfu,eKej,UYBR,FzaX,L91KIiz,oslk,CE7uk3u,LM8l689qOp,,,FSa2,RAYp,F2FyR07IdsN7I,
1,,,1029,7,,,3216,,,,64,80,,4,64,,,200,0,,,0,0,,4.552446,18,3,82,224,,784448,0,37423.5,,0,,0,,89754,,,,32,56,10714.84,,215,0,,15111,58,,,0,150650,66046,,,3255,0,9,,267162,,,644836,,,2,,,0,,,,0,,,,0,,,IXSgUHShse,RO12,SEuy,taul,1K8T,uNkU,EKR938I,ThrHXVS,0v21jmy,smXZ,xklU,9_Y1,RVjC,sJzTlal,6JmL,me75fM6ugJ,kIsH,uKAI,L84s,XfqtO3UdzaXh_,,SJs3duv,11p4mKe,H3p7,UYBR,FzaX,OrnLfvc,oslk,1J2cvxe,LM8l689qOp,,kG3k,FSa2,RAYp,F2FyR07IdsN7I,mj86
-1,,,658,7,,,3156,,,,224,280,,2,72,,,200,5,,,0,0,,0.1664174,9,,126,196,,209048,0,11370.72,,0,,10,,,,,,32,64,369814,,755,0,,1935,,,,8,641020,43684,,,355,0,9,,2639,,,745620,,,68,,,61368,,,,0,,,,0,,,m9SrEy7Rm6,2Knk1KF,,taul,1K8T,lK27,fayYfhR,etM739XNb0Rf0,,,ae6C,9_Y1,yrDU,VpdQ,wMei,DHn_WUyBhW_whjA88g9bvA64_,kIsH,uKAI,L84s,3vzwTT0wY25GE,,,teAHwXo,ykzL,UYBR,FzaX,KbkKEj0,zCkv,QqVuch3,LM8l689qOp,,,Qcbd,02N6s8f,Zy3gnGM,am7c
-1,,,1680,7,,,2952,,,,308,385,,4,128,,,176.56,0,,,13158,0,,5.448622,9,,114,392,,1030800,0,31655.4,,5,,16,,,,,,88,176,-808528,,1080,24,,13194,-24,,,0,1664450,104978,,,1665,0,18,,47019,,,2345424,,,52,,,417438,,,,0,,,,0,,228,Qu0qrQKzJV,2Knk1KF,lvza,taul,1K8T,EJC9,ofiZR7x,LJF4fPp,QYxAlFM,smXZ,5Rb0,9_Y1,15m3,VpdQ,haYg,me75fM6ugJ,kIsH,uKAI,Mtgm,XfqtO3UdzaXh_,,RQAGE01,11p4mKe,NvHl,UYBR,FzaX,JO03372,oslk,XlgxB9z,LM8l689qOp,,kG3k,FSa2,RAYp,55YFVY9,am7c
-1,,,77,0,,,0,,,,32,40,,2,16,,,230.56,0,,,3776496,0,,5.067507,9,,18,0,,0,3,402441,,0,,2,,,,,,8,0,101923.6,,215,12,,0,-8,,,8,3839825,1284128,,,0,0,0,,4233600,,,10577000,,,6,,,3628800,,,,0,,,,0,,,eOQgUHShse,RO12,,LfvqpCtLOY,1K8T,Bxva,Xlthli9,GaiUdPAZp_,,,Mx5G,9_Y1,RVjC,VpdQ,IYzP,me75fM6ugJ,kIsH,uKAI,Mtgm,NhsEn4L,,,7WwuNea,9haV,UYBR,,U8IKsQe,oslk,R2LdzOv,,,,FSa2,RAYp,F2FyR07IdsN7I,
1,,,1176,7,,,2912,,,,200,250,,2,64,,,300.32,0,,,6014460,0,,2.045717,27,3,72,91,,1933712,0,117761.7,,40,,2,,45645,,,,56,40,161314.4,,790,90,,2754,,,,0,3830510,203586,,,3080,0,0,,114695,,,10405680,,,26,,,98310,,,,0,,,,0,,,4e7Wq69R_D,RO12,SEuy,taul,1K8T,0Xwj,6CXYbuk,okUBQrgaYWgG0,z1Qe5zX,smXZ,1G9T,HLqf,Px52,VpdQ,IYzP,Kxdu,sBgB,7A3j,L84s,9pUnzWLbztKTo,,yBN8Pcy,kq0YABQ,,,FzaX,ROeipLp,zCkv,K2SqEo9,jySVZNlOJy,,kG3k,PM2D,6fzt,am14IcfM7tWLrUmRT52KtA,am7c
-1,,,1141,7,,,164,,,,208,260,,2,72,,,166.56,5,,,5317974,0,,6.326853,18,3,114,0,,1858088,6,149686.5,,10,,24,,125064,,,,112,32,842480,,1065,66,,6561,,,,32,2577245,210014,,,155,0,18,,227892,,,7608840,,,28,,,132210,,,,2,,,,0,,,J9Vr4RQZiT,2Knk1KF,SEuy,taul,1K8T,kNzO,jwhtMxl,koda1Jh,A4emZtf,smXZ,HJm0,9_Y1,mTeA,VpdQ,giwq,me75fM6ugJ,kIsH,uKAI,L84s,h0lfDKh52u4GP,,IX6bJ7L,IoI4mKe,b30L,UYBR,FzaX,fabLnWA,oslk,EPqQcw6,LM8l689qOp,,kG3k,FSa2,RAYp,55YFVY9,
-1,,,490,7,,,2060,,,,92,115,,6,112,,,133.12,0,,,3534,0,,4.091647,9,,128,105,,13048,0,2739.141,,0,,6,,,,,,56,32,-4831.72,,215,12,,5823,58,,,0,0,7134,,,95,0,18,,9128,,,28704,,,0,,,8334,,,,0,,,,0,,,UCDvyx8zhV,g62hiBSaKg,SEuy,taul,1K8T,yMvB,fhk21Ss,u2p2Afw,8xDcYaS,smXZ,XeWN,9_Y1,MBhA,sJzTlal,haYg,7M47J5GA0pTYIFxg5uy,kIsH,uKAI,L84s,4kVnq_T26xq1p,,UlUyhO5,cUQ4ya6,UPjY,UYBR,FzaX,4UxGlow,zCkv,catzS2D,LM8l689qOp,,kG3k,WqMG,ZI9m,ib5G6X1eUxUn6,mj86
-1,,,798,14,,,2892,,,,236,295,,8,40,,,133.12,5,,,446868,0,,4.432173,27,6,76,371,,147784,0,9885.09,,10,,28,,180963,,,,120,120,67166.4,,295,24,,66825,52,,,8,134105,15166,,,13115,0,0,,50701,,,613124,,,38,,,154482,,,,0,,,,0,,234,crIgUHSK8h,RO12,SEuy,taul,1K8T,lK27,FcmhANo,nQUeejKKqM,vO83GOe,smXZ,gMVu,9_Y1,RVjC,sJzTlal,sYC_,me75fM6ugJ,kIsH,uKAI,L84s,NhsEn4L,,0I_DbAx,7WwoY2y,YihF,UYBR,qxDb,OXxlI5k,oslk,VWtIBQt,LM8l689qOp,,kG3k,FSa2,RAYp,F2FyR07IdsN7I,
-1,,,595,0,,,2044,,,,0,0,,,0,,,240.56,0,,,0,0,,1.899594,9,,148,0,,0,0,34917,,0,,0,,,,,,,0,-45625.2,,205,0,,44154,10,,,0,0,0,,,0,0,27,,,,,0,,,0,,,0,,,,0,,,,0,,,O8Zr4Rdc_a,onTuEhrJJQy_H3IHkZku5AFczhYGqxJ890,,taul,1K8T,0aHy,fqeOwLG,_jTP8ioIlJ,7aLZlRR,,WrUa,9_Y1,em8I,VpdQ,hAFG,7M47J5GA0pTYIFxg5uy,kIsH,g5HH,L84s,TVE1uh4F_wOi_,,FhzTDUf,CWNdri0,XmzQ,cJvF,FzaX,fxJmel6,zCkv,WfsWw2A,LM8l689qOp,,,me1d,ZI9m,iyHGyLCEkQ,mj86
-1,,,2268,0,,,0,,,,480,600,,10,216,,,176.56,0,,,87294,0,,2.524888,9,,48,0,,399032,0,19991.43,,25,,22,,,,,,104,104,-179277.6,,1575,54,,5202,,,,0,2772010,1095062,,,0,0,0,,793065,,,5710720,,,110,,,1521276,,,,0,,,,0,,,cFHt0GoOh3,RO12,SEuy,taul,1K8T,JLbT,8Nsx4QS,tShEte6VIU,k8ssX88,smXZ,yHE5,9_Y1,rGJy,VpdQ,IYzP,me75fM6ugJ,kIsH,uKAI,L84s,NhsEn4L,,6HAFFdE,mAja5EA,zJUL,cJvF,FzaX,WaovEWW,oslk,QKXEsaq,LM8l689qOp,,xG3x,Qu4f,RAYp,F2FyR07IdsN7I,
-1,,,3633,7,,,500,,,,148,185,,0,8,,,236.08,0,,,8521620,0,,3.357189,9,3,34,161,,1382400,0,32325.3,,30,,0,,4440,,,,32,16,357684.4,,1325,102,,31104,8,,,0,2170355,57596,,,70,0,18,,0,,,10297360,,,22,,,0,,,,0,,,,0,,264,2jiWq69cTy,RO12,,taul,1K8T,ssAy,creCyD5,_jTP8ioIlJ,,,YI3u,9_Y1,0A_v,VpdQ,zm5i,me75fM6ugJ,kIsH,uKAI,L84s,NhsEn4L,,,kZJtVhC,kp5U,cJvF,FzaX,Hlo8hdx,oslk,kYwEsaq,LM8l689qOp,,,PM2D,RAYp,F2FyR07IdsN7I,
-1,,,259,0,,,348,,,,8,10,,0,0,,,166.56,0,,,0,0,,1.224525,9,,132,0,,34032,0,1691.829,,0,,0,,,,,,16,16,-2135.144,,20,0,,2574,,,,0,0,0,,,0,0,9,,0,,,17016,,,0,,,0,,,,0,,,,0,,240,_v2TmBftjz,2Knk1KF,,taul,1K8T,0Xwj,Mqs4NQF,FoJylxy,nFLbAk0,,w8Au,dgxZ,4N0K,VpdQ,wMei,me75fM6ugJ,sBgB,uKAI,L84s,h0lfDKh52u4GP,,aBRFxR4,IoI4mKe,015k,cJvF,FzaX,XsNOZ4E,oslk,IIvQguc,LM8l689qOp,,ELof,Qu4f,RAYp,55YFVY9,oJmt
-1,,,5152,7,,,2024,,,,584,730,,6,320,,,220.08,30,,,3253506,0,,2.873745,9,,158,175,,1660392,0,25544.49,,75,,14,,,,,,96,112,-9852,,2470,186,,8019,,,,48,3571845,587392,,,8495,0,36,,27881,,,9025240,,,78,,,2008362,,,,0,,,,0,,,FoxgUHSK8h,onTuEhrJJQy_H3IHkZku5AFczhYGqxJ890,SEuy,taul,1K8T,0Xwj,fqeOwLG,nQUq7hGe64,6IEmZtf,smXZ,5xto,HLqf,mTeA,09_Q,hAFG,7M47J5GA0pTYIFxg5uy,sBgB,uKAI,L84s,XfqtO3UdzaXh_,,uG5HvGh,XTbPUYD,2Rt3,UYBR,FzaX,fxJmel6,oslk,WfsWw2A,jySVZNlOJy,,kG3k,FSa2,ZI9m,iyHGyLCEkQ,am7c
-1,,,1449,7,,,28,,,,168,210,,2,32,,,166.56,5,,,548748,0,,3.308268,9,,140,0,,306192,0,30019.2,,0,,0,,,,,,16,128,-35706.72,,690,30,,5319,,,,8,500295,31436,,,120,0,18,,173894,,,982036,,,34,,,0,,,,0,,,,0,,,FAJgUH7ejg,AERks4l,,taul,1K8T,0Xwj,fhk21Ss,YQcPlrpk3ptPA,,,wuAn,HLqf,1Bp0,VpdQ,wMei,7M47J5GA0pTYIFxg5uy,sBgB,uKAI,L84s,QsQAxv5,,,ORMYgRH,EQ8w,UYBR,AU8pNoi,4UxGlow,QKW8DRm,catzS2D,LM8l689qOp,,,WqMG,ZI9m,ib5G6X1eUxUn6,am7c
-1,,,574,7,,,1752,,,,12,15,,2,0,,,253.52,0,,,0,0,,5.430891,18,,66,0,,4132128,0,232930.5,,0,,2,,,,,,16,8,-514956,,165,0,,13788,4,,,0,918350,0,,,5,0,9,,170240,,,2898024,,,2,,,145920,,,,0,,,,0,,,TfiWq69R_D,RO12,lvza,taul,1K8T,JLbT,uMA4Shd,9UgkRNa9Jb,y37rlSq,smXZ,0xFv,9_Y1,RVjC,VpdQ,IYzP,me75fM6ugJ,kIsH,uKAI,L84s,NhsEn4L,,HgPJ3gl,NGZMmo2,Kz6e,UYBR,qxDb,meWmFX7,oslk,DQ3iZDY,jySVZNlOJy,,kG3k,FSa2,RAYp,F2FyR07IdsN7I,
-1,,,658,7,,,0,,,,156,195,,2,96,,,166.56,0,,,0,0,,5.402905,9,3,38,0,,153672,0,46263.9,,0,,14,,822,,,,56,24,64737.2,,845,0,,7110,,,,0,2055150,392138,,,45,0,0,,32249,,,2807668,,,34,,,453654,,,,0,,,,0,,132,EsYrjIX0Db,RO12,,taul,1K8T,lK27,GRl7qwL,wqsRhwb,,,q9lF,9_Y1,xQ2A,VpdQ,sYC_,me75fM6ugJ,kIsH,uKAI,L84s,NhsEn4L,,,7Ww_Xqy,gvA6,UYBR,FzaX,xDj6pd1,oslk,VQZzrB7,LM8l689qOp,,,5Acm,RAYp,F2FyR07IdsN7I,
-1,,,245,0,,,0,,,,168,210,,2,56,,,272.08,0,,,4663572,0,,0.1670583,9,3,16,0,,1373808,0,177741.3,,20,,8,,97266,,,,40,24,91102,,590,66,,0,-8,,,0,3258940,1121306,,,0,0,0,,31675,,,10535080,,,26,,,1582350,,,,0,,,,0,,282,75lq9ayfAo,RO12,,taul,1K8T,JLbT,GUg04mC,7ONkRNQCK7,,,d8PQ,9_Y1,AKLO,VpdQ,IYzP,me75fM6ugJ,kIsH,uKAI,Mtgm,NhsEn4L,,,7WwOAni,byLP,UYBR,FzaX,6g5Ojel,oslk,UbjqFbB,LM8l689qOp,,,TNEC,RAYp,F2FyR07IdsN7I,
-1,,,14,0,,,0,,,,20,25,,2,0,,,86.96,0,,,7642260,0,,0.1204871,9,,16,0,,9148400,0,556521,,0,,0,,,,,,16,16,409376,,70,18,,0,-10,,,0,0,0,,,0,0,0,,3771236,,,9669040,,,0,,,0,,,,0,,,,0,,,TfiWq69R_D,RO12,,taul,1K8T,2Ix5,af1vEdV,lGXpFd_2Rf,,,hRZh,9_Y1,RVjC,sJzTlal,IYzP,me75fM6ugJ,kIsH,uKAI,L84s,NhsEn4L,,,7Ww3FSW,oSQY,UYBR,,b0vOZ4E,oslk,1gu2qo0,,,,FSa2,RAYp,F2FyR07IdsN7I,
-1,,,826,0,,,24,,,,192,240,,2,80,,,166.56,0,,,0,0,,3.714591,9,,60,0,,125304,0,10731.84,,0,,12,,,,,,16,24,-134694.4,,710,0,,531,36,,,0,491345,56742,,,0,0,9,,57911,,,637640,,,58,,,102642,,,,0,,,,0,,330,vAsgUHXM47,RO12,,taul,1K8T,487l,WIUdTJr,Hz673939hbJdw,vjrDUsz,,m_UC,9_Y1,LqKm,VpdQ,IYzP,me75fM6ugJ,kIsH,uKAI,L84s,NhsEn4L,,hx2oFMh,mAjbk_S,EUjZ,UYBR,FzaX,ALC68SY,oslk,9JvQQMs,LM8l689qOp,,ELof,453m,RAYp,F2FyR07IdsN7I,mj86
-1,,,854,7,,,76,,,,52,65,,0,56,,,198.88,0,,,284244,0,,0.9647511,9,,36,28,,9676800,0,192866.7,,5,,0,,,,,,16,16,202718,,540,12,,16803,12,,,0,201110,1693090,,,1755,0,18,,0,,,9935600,,,2,,,0,,,,0,,,,0,,,DQlgUH7IEC,RO12,,taul,1K8T,72yt,DVqAQJk,0ZlStaN,,,CeDO,9_Y1,m_h1,VpdQ,IYzP,me75fM6ugJ,kIsH,uKAI,L84s,NhsEn4L,,,mAjbk_S,iWSK,UYBR,FzaX,t0rm0jM,oslk,rUj52Lp,jySVZNlOJy,,,WqMG,RAYp,F2FyR07IdsN7I,
-1,,,1218,7,,,64,,,,216,270,,8,128,,,200,0,,,0,0,,1.378765,9,3,96,28,,1352872,0,57765.3,,0,,14,,75,,,,48,72,299721.6,,795,0,,25740,,,,0,2932660,313200,,,1480,0,9,,548877,,,4009000,,,44,,,540024,,,,0,,,,0,,240,NESt0G8EIb,RO12,SEuy,taul,1K8T,wOc1,gwY4NQF,k10MzgT,JVHUxsC,smXZ,Av9x,9_Y1,k13i,VpdQ,kxE9,me75fM6ugJ,kIsH,uKAI,L84s,h0lfDKh52u4GP,,PobAzRT,IoI4mKe,a8iv,cJvF,FzaX,t5EoLzk,oslk,ag5iNPX,jySVZNlOJy,,xG3x,fKCe,RAYp,F2FyR07IdsN7I,
-1,,,1043,7,,,652,,,,152,190,,4,16,,,20.08,10,,,7116060,9,,4.443495,27,6,34,182,,2970080,15,155352.6,,25,,0,,678285,,,,48,56,92466,,555,90,,10368,,,,80,2871945,156550,,,20290,0,9,,151291,,,10452560,,,18,,,0,,,,2,,,,7,,,Mtpt0G8EIb,RO12,,taul,1K8T,wOc1,f2Cr1U6,3cOC7qZ,,,FyvZ,9_Y1,e7QV,VpdQ,43pnToF,DHn_WUyBhW_whjA88g9bvA64_,kIsH,uKAI,L84s,CrNX,,,y5FewfI,WolC,cJvF,FzaX,Qkc66eq,d0EEeJi,CmhRjAG,LM8l689qOp,,,fKCe,nIGXDli,F2FyR07IdsN7I,
-1,0,,,,,,,0,0,0,,,,,,,,,,,0,,,,4.939116,,,8,,,,,,0,,,,10,,16,0,0,,,-1476524,441686,,,0,,-16,0,14,,,,267.05,0,,,,12,,0,0,,0,0,,0,,,0,0,993798,,0,0,,,1325058,,639TmBQxul,RO12,,taul,1K8T,lK27,3d6Ybuk,J_sb4dmQwP,,,fgRx,9_Y1,TjV7,VpdQ,,me75fM6ugJ,kIsH,uKAI,Mtgm,NhsEn4L,,,7WwuNea,G20O,UYBR,,T6w0nTz,oslk,nytT3Cb,,,,FSa2,RAYp,F2FyR07IdsN7I,
1,,,1533,7,,,84,,,,332,415,,6,208,,,133.12,0,,,29988,0,,2.818628,9,,98,35,,254040,0,3849,,10,,4,,,,,,48,72,-102479.2,,1110,48,,1701,32,,,0,135615,70790,,,575,0,0,,131712,,,453400,,,72,,,76128,,,,0,,,,0,,,xOXr4RXktW,RO12,SEuy,taul,1K8T,JLbT,OnikTQ1,ARvzJXx,WIG75u4,smXZ,Phiv,9_Y1,TFSW,VpdQ,sYC_,me75fM6ugJ,kIsH,uKAI,L84s,NhsEn4L,,fjwLtIj,kq0aHkC,uAgP,UYBR,FzaX,O30mFX7,oslk,IhKskzO,LM8l689qOp,,kG3k,Xa3G,RAYp,F2FyR07IdsN7I,mj86
-1,,,161,0,,,48,,,,0,0,,,0,,,257.28,0,,,0,0,0,3.292032,9,,144,0,,0,0,81690.3,,0,,0,,,,,,,0,-193827.6,,0,0,,223920,,,,0,0,0,,,0,0,9,,,,,0,,,0,,,0,,,,0,,,,0,,282,7Cwt0Gdc_a,2Knk1KF,,LfvqpCtLOY,1K8T,4fje,x8bPoJV,hOpRIhsUSP,Uw6SDm8,,Bp6l,9_Y1,cyKH,VpdQ,haYg,me75fM6ugJ,kIsH,g5HH,L84s,XfqtO3UdzaXh_,,PXYoFMh,XTbPUYD,bCpn,cJvF,,Ik20nTz,oslk,DNvRusu,,,,me1d,RAYp,55YFVY9,am7c
-1,,,63,0,,,0,,,,312,390,,0,120,,,200,0,,,0,0,,1.770562,9,3,20,0,,9944,0,4932.45,,0,,2,,39879,,,,0,16,17125.72,,835,0,,0,-4,,,0,525880,31552,,,0,0,9,,0,,,489120,,,120,,,510,,,,0,,,,0,,,Yddq9ayE15,RO12,,taul,1K8T,hAOr,7z8V8VT,VqnbMThC8i,,,oBIs,9_Y1,F_Lu,09_Q,zm5i,me75fM6ugJ,kIsH,uKAI,L84s,NhsEn4L,,,7Ww3FSW,Whzu,cJvF,FzaX,h72fSEp,oslk,e7bTQlu,LM8l689qOp,,,TNEC,RAYp,F2FyR07IdsN7I,
-1,,,924,28,,,4896,,,,112,140,,4,56,,,166.56,0,,,0,0,,2.19953,36,12,88,42,,209616,0,48747,,0,,12,,50238,,,,32,24,88383.6,,470,0,,31095,,,,0,1271225,359964,,,1105,0,0,,197659,,,2092448,,,24,,,376098,,,,0,,,,0,,,9hRmfo875g,RO12,,taul,1K8T,0Xwj,1ucchDb,_jTP8ioIlJ,3VuZYbJ,,3_hq,HLqf,Ew1Q,VpdQ,IYzP,me75fM6ugJ,sBgB,uKAI,L84s,NhsEn4L,,d8tNJU2,mAjbk_S,Iunr,cJvF,FzaX,LWnfSEp,oslk,CqZz20V,LM8l689qOp,,ELof,wX53,RAYp,F2FyR07IdsN7I,mj86
-1,,,469,7,,,4688,,,,28,35,,0,16,,,285.2,0,,,1036800,0,,6.463149,18,3,168,133,,0,15,265433.7,,5,,0,,16263,,,,0,0,-797660,,240,12,,109728,,,,56,100685,345600,,,265,0,9,,0,,,1808548,,,4,,,0,,,,0,,,,14,,,DHeTmBftjz,rEUOq2QD1qfkRr6qpua,,taul,1K8T,LFM_,fhk21Ss,Oe4E7cR6Kt,FTPiV5F,,MYaJ,9_Y1,Gx0B,VpdQ,kxE9,7M47J5GA0pTYIFxg5uy,kIsH,uKAI,L84s,oOT00mkwDoEFW,,amliAvl,11pSf3Y,gIWj,cJvF,FzaX,4UxGlow,zCkv,catzS2D,LM8l689qOp,,ELof,Qu4f,ZI9m,ib5G6X1eUxUn6,mj86
1,,,833,14,,,7124,,,,132,165,,2,24,,,220.08,0,,,164814,0,,5.249733,18,6,76,259,,5873104,0,220966.2,,5,,0,,205953,,,,32,72,130967.2,,505,12,,8523,,,,0,7762050,518400,,,7700,0,0,,604800,,,10307960,,,36,,,0,,,,0,,,,0,,330,MtpBcmzkzH,RO12,SEuy,taul,1K8T,0Xwj,Z4ho8ot,hCdK,KCO5XcN,smXZ,5GHH,HLqf,KubS,VpdQ,IYzP,me75fM6ugJ,sBgB,uKAI,L84s,NhsEn4L,,BW7IAPd,kZJs2nh,q1HC,UYBR,FzaX,pqU6hzI,oslk,XKaTy9x,M_8D,,kG3k,Qcbd,RAYp,F2FyR07IdsN7I,mj86
-1,,,1008,14,,,2616,,,,160,200,,4,40,,,133.12,0,,,2454402,0,,1.941252,18,3,50,532,,1676912,0,184626,,35,,4,,25446,,,,72,40,110152,,620,36,,48285,-28,,,0,6194900,215300,,,1895,0,9,,817747,,,10532560,,,30,,,659778,,,,0,,,,0,,,bZk9tYsGvO,RO12,SEuy,taul,1K8T,0Xwj,_A3lbGp,BQy_jOtOBD,5sBdR4U,smXZ,18g2,HLqf,YULl,VpdQ,IYzP,me75fM6ugJ,sBgB,uKAI,L84s,NhsEn4L,,HkdRwPW,TDcECyH,2ozN,UYBR,FzaX,ErGY_02,oslk,a4oQQMs,LM8l689qOp,,kG3k,FSa2,RAYp,F2FyR07IdsN7I,
1,,,2198,14,,,5324,,,,512,640,,10,304,,,133.12,0,,,53052,0,,1.010254,36,3,94,602,,628384,0,5657.07,,0,,26,,193170,,,,112,168,31352.44,,1790,48,,3861,22,,,0,793405,142880,,,2510,0,9,,263340,,,1404632,,,96,,,201882,,,,0,,,,0,,342,JMGrjIXt5a,RO12,,taul,1K8T,TyGl,bvZcCja,Tg7jjBB,tMkqAK_,,5MNP,9_Y1,m7JR,VpdQ,haYg,me75fM6ugJ,kIsH,uKAI,L84s,XfqtO3UdzaXh_,,ODVG6LM,XTbPUYD,Akkd,cJvF,AU8pNoi,mTDfR8o,oslk,dEJz4Af,LM8l689qOp,,ELof,5Acm,RAYp,F2FyR07IdsN7I,mj86
-1,,,,0,,,0,,,,,0,,,0,,,89.84,0,,,0,0,,6.317667,9,,12,0,,0,0,,,0,,0,,,,,,,0,-232682.8,,,0,,0,4,,,8,0,0,,,0,0,,,,,,0,,,0,,,0,,,,0,,,,7,,,_v2gUHXZeb,RO12,,taul,1K8T,h3JW,T2e7I6V,NfN9Bz6HFx,,,T_K4,9_Y1,STGZ,VpdQ,,7M47J5GA0pTYIFxg5uy,kIsH,uKAI,L84s,NhsEn4L,,,mAja5EA,xrZm,cJvF,FzaX,ACmTklq,oslk,rDbG_aX,LM8l689qOp,,,453m,ZI9m,F2FyR07IdsN7I,
-1,,,1813,0,,,0,,,,612,765,,14,360,,,200,0,,,18864,0,,3.032685,9,,28,0,,629240,0,3181.44,,75,,18,,,,,,192,208,56047.2,,1670,60,,0,4,,,0,82770,35304,,,0,0,0,,176876,,,625276,,,96,,,197916,,,,0,,,,0,,,DHevyx7IEC,RO12,,taul,1K8T,hM6W,mjAngaa,y2LIM01bE1,,,gflG,9_Y1,RcM7,09_Q,IYzP,DHn_WUyBhW_whjA88g9bvA64_,kIsH,uKAI,L84s,CrNX,,,y5FewfI,lcxw,cJvF,,NI5gmOy,d0EEeJi,zbRHEwz,,,,szEZ,nIGXDli,F2FyR07IdsN7I,
-1,,,322,0,,,0,,,,380,475,,4,208,,,336.56,0,,,256272,0,,6.777612,18,6,14,0,,1839192,3,21753.57,,55,,8,,101112,,,,72,248,-533940,,475,12,,0,-30,,,8,770060,248496,,,0,0,0,,590968,,,2755452,,,42,,,538908,,,,0,,,,0,,204,zC_Wq6e2Rv,AERks4l,,taul,1K8T,TyGl,LFsq5o9,glRbITbnHQ,,,wKNN,9_Y1,_xpN,VpdQ,IYzP,Kxdu,kIsH,uKAI,L84s,FMSzZ91zL2,,,mAjj1AH,Bk2P,UYBR,FzaX,EPIVHK6,zCkv,MI8iYHE,LM8l689qOp,,,FSa2,6fzt,F2FcTt7IdMT_v,
-1,,,931,7,,,108,,,,76,95,,0,16,,,213.36,0,,,2152002,0,,2.769494,9,3,40,0,,6144,0,90485.41,,0,,0,,11040,,,,0,8,-784240,,445,30,,1242,14,,,0,505770,30892,,,80,0,9,,0,,,1904140,,,22,,,0,,,,0,,,,0,,,m9SvyxLkBI,RO12,,taul,1K8T,ssAy,ka_ns41,fo8oHA5,,,fxbT,9_Y1,FbIm,VpdQ,zm5i,me75fM6ugJ,kIsH,uKAI,L84s,NhsEn4L,,,mAja5EA,CAlf,UYBR,FzaX,1YVfGrO,oslk,fXVEsaq,LM8l689qOp,,,xb3V,RAYp,F2FyR07IdsN7I,
1,,,1484,7,,,120,,,,208,260,,4,112,,,203.44,0,,,2106198,0,,6.542833,9,3,38,0,,1016864,0,61934.1,,15,,8,,241530,,,,32,40,59592.4,,800,36,,378,-24,,,0,2574610,335868,,,220,0,0,,206976,,,5694560,,,40,,,536316,,,,0,,,,0,,,qXhrEy7VR2,AERks4l,,taul,1K8T,IvdZ,V8V_q1V,ThrHXVS,,,F1UB,9_Y1,X8zP,sJzTlal,IYzP,GjJ35utlTa_GNSvxxpb9ju,kIsH,uKAI,Mtgm,JBfYVit4g8,,,TDc_9Yi,ARGj,cJvF,FzaX,URPcqVw,Al6ZaUT,KrlSanL,LM8l689qOp,,,Aoh3,02N6s8f,xwM2aC7IdeMC0,
-1,,,1967,7,,,484,,,,228,285,,22,56,,,200,0,,,48150,0,,3.51677,9,,68,21,,271792,0,24024.84,,0,,16,,,,,,120,112,74015.6,,1050,36,,4392,44,,,0,2404005,167342,,,525,0,9,,442533,,,3116564,,,44,,,1036020,,,,0,,,,0,,264,Tfit0G8EIb,RO12,SEuy,taul,1K8T,487l,gwY4NQF,oQ173939hSRjL,2YB90oz,smXZ,s9Dw,9_Y1,k13i,VpdQ,sYC_,me75fM6ugJ,kIsH,uKAI,L84s,NhsEn4L,,LElvlVS,NGZ_CaA,1exj,UYBR,FzaX,t5EoLzk,oslk,ag5iNPX,LM8l689qOp,,kG3k,fKCe,RAYp,F2FyR07IdsN7I,mj86
-1,,,714,7,,,2240,,,,120,150,,10,80,,,133.12,0,,,0,0,3079.6,6.890622,9,,114,7,,92616,0,2852.838,,0,,8,,,,,,72,80,4070.84,,380,0,,7830,22,,,0,18265,18268,,,590,0,27,,42539,,,102572,,,12,,,7674,,,,0,,,,0,,282,m9SvyxLkBI,RO12,,taul,1K8T,GYbZ,iJzviRg,3X0xOLn,jCrHwxI,,CGbI,9_Y1,lXxA,09_Q,wMei,7M47J5GA0pTYIFxg5uy,kIsH,uKAI,L84s,4kVnq_T26xq1p,,xXRNJU2,uZLuDix,vawI,cJvF,Lmli,ch2oGfM,zCkv,P6pu4Vl,LM8l689qOp,,ELof,xb3V,ZI9m,R4y5gQQWY8OodqDV,am7c
-1,0,,,,,,,5,0,0,,,,,,,,,,,543708,,,,2.925443,,,8,,,,,,3,,,,15,,8,0,0,,,-1445444,183668,,,0,,-18,0,21,,,,287,0,,,,18,,8505,12,,0,0,,9,,,0,0,461841.3,,4,0,,,923682,,75lTmBtFkL,RO12,,taul,1K8T,0Xwj,H8V_L_f,C_uQoStwYE,,,SHE2,HLqf,47ra,VpdQ,,DHn_WUyBhW_whjA88g9bvA64_,sBgB,uKAI,Mtgm,CrNX,,,NGZ_12K,0P58,cJvF,FzaX,e2DHmNo,d0EEeJi,D3UitGv,LM8l689qOp,,,rgKb,02N6s8f,F2FyR07IdsN7I,
1,,,1239,7,,,144,,,,72,90,,0,40,,,191.36,0,,,664602,0,21614.88,1.030335,9,3,48,0,,0,3,11241.96,,0,,0,,660,,,,0,0,-838228,,580,18,,152649,4,,,24,213735,17194,,,25,0,0,,0,,,648444,,,20,,,0,,,,0,,,,14,,,EsYq9aX0Db,RO12,,taul,1K8T,nCqp,qEKLIo1,y2LIM01bE1,R40ctJ6,,IyWb,9_Y1,Y9Bl,09_Q,IYzP,DHn_WUyBhW_whjA88g9bvA64_,kIsH,uKAI,L84s,CrNX,,3KzRioM,AuSPDRg,WmCU,UYBR,FzaX,13j7k0_,d0EEeJi,S2JrUdI,LM8l689qOp,,ELof,uWr3,nIGXDli,F2FyR07IdsN7I,am7c
-1,,,560,0,,,0,,,,0,0,,,0,,,120.4,5,,,0,0,,3.83401,9,,28,0,,0,6,152440.2,,0,,0,,,,,,,0,-99980.8,,180,0,,0,-20,,,32,0,0,,,0,0,9,,,,,0,,,0,,,0,,,,0,,,,7,,,HYTvyx7ejg,RO12,,taul,1K8T,FgS1,t6TtIjH,rEr_IAwXVP,,,tO3Z,9_Y1,RcM7,sJzTlal,zm5i,me75fM6ugJ,kIsH,uKAI,Mtgm,NhsEn4L,,,NGZxnJM,WM7s,cJvF,FzaX,YBhNqhB,oslk,xKMwIB5,LM8l689qOp,,,szEZ,RAYp,F2FyR07IdsN7I,
-1,,,0,0,,,0,,,,16,20,,0,24,,,397.44,0,,,122238,0,,6.079684,9,,12,0,,0,0,189330,,0,,0,,,,,,0,0,-930600,,20,6,,0,-12,,,0,0,464134,,,0,0,0,,0,,,1009760,,,0,,,0,,,,0,,,,0,,,1qmr4RQxul,RO12,,taul,1K8T,4fje,qNenhjK,GVWDufEPyV,,,RTc9,9_Y1,z5Ry,VpdQ,IYzP,me75fM6ugJ,kIsH,uKAI,Mtgm,NhsEn4L,,,7Ww61kb,BXUS,UYBR,,dukR15G,oslk,PNQIwLq,,,,FSa2,RAYp,F2FyR07IdsN7I,
-1,,,1022,7,,,268,,,,216,270,,6,32,,,133.04,0,,,3902346,0,,0.9923093,9,3,66,21,,3235000,0,154308.6,,35,,2,,62685,,,,56,56,156958,,745,84,,56421,42,,,0,5375050,163688,,,4330,0,27,,908831,,,10522640,,,42,,,203946,,,,0,,,,0,,,voArjIXt5a,RO12,SEuy,taul,1K8T,ZHNR,n0tQn2A,TLE739XNbCmUu,z01Jcxh,smXZ,KMT8,9_Y1,xQ2A,VpdQ,43pnToF,me75fM6ugJ,kIsH,uKAI,L84s,NhsEn4L,,JAAPmUz,NGZMmo2,Zgh6,UYBR,FzaX,Qui18fN,oslk,ep2j7qz,LM8l689qOp,,xG3x,5Acm,RAYp,F2FyR07IdsN7I,am7c
-1,,,224,0,,,0,,,,0,0,,,0,,,186.64,0,,,0,0,,6.878017,9,,22,0,,0,0,174296.1,,0,,0,,,,,,,0,0,,225,0,,0,4,,,0,0,0,,,0,0,9,,,,,0,,,0,,,0,,,,0,,,,0,,,V8lBcmz45j,RO12,,taul,1K8T,0Xwj,xUTqnbN,qik4qOU4lwPbOpm_,,,mw4w,HLqf,WGOH,,zm5i,me75fM6ugJ,sBgB,uKAI,L84s,NhsEn4L,,,uZL60aU,IgLU,UYBR,FzaX,LwGVino,oslk,xYH_Q4n,jySVZNlOJy,,,Qcbd,RAYp,F2FyR07IdsN7I,
-1,,,1036,7,,,1112,,,,172,215,,4,200,,,137.68,0,,,3414,0,,2.909848,36,3,118,0,,1331728,0,41304.6,,0,,12,,0,,,,56,72,1326872,,645,6,,55845,,,,0,98740,798330,,,75,0,0,,690578,,,2744736,,,4,,,601416,,,,0,,,,0,,228,CEaWq6KZjV,2Knk1KF,SEuy,taul,1K8T,QQSE,_ybO0dd,9YuuPSz3BI,ueBU2Lj,smXZ,i4KB,9_Y1,z5Ry,VpdQ,IYzP,me75fM6ugJ,kIsH,g5HH,L84s,NhsEn4L,,21RNJU2,teAyFc5,r7yD,UYBR,FzaX,L91KIiz,oslk,CE7uk3u,LM8l689qOp,,kG3k,FSa2,RAYp,55YFVY9,mj86
-1,,,0,0,,,0,,,,0,0,,,0,,,274.16,0,,,0,0,,4.854732,9,,12,0,,0,0,0,,0,,0,,,,,,,0,-27164.56,,0,0,,0,,,,8,0,0,,,0,0,0,,,,,0,,,0,,,0,,,,0,,,,7,,312,Yddq9ayE15,RO12,,taul,1K8T,hAOr,B5n4Lhq,ElQylxy,,,Kba4,9_Y1,NFMt,09_Q,IYzP,me75fM6ugJ,kIsH,uKAI,L84s,NhsEn4L,,,mAja5EA,AQRX,cJvF,FzaX,_vdOjel,oslk,ghXQowC,LM8l689qOp,,,TNEC,RAYp,F2FyR07IdsN7I,
-1,,,273,0,,,0,,,,40,50,,0,0,,,220.08,5,,,6106380,0,,5.54326,9,3,20,0,,0,0,200043.3,,10,,0,,127662,,,,0,0,203009.2,,370,24,,0,,,,8,966350,0,,,0,0,9,,0,,,9682400,,,8,,,0,,,,0,,,,0,,,1nlTmBtueT,RO12,,taul,z3mO,F9g8,gwY4NQF,767sa0XN9l,,,CRNu,9_Y1,C6Eu,09_Q,zm5i,me75fM6ugJ,kIsH,uKAI,L84s,NhsEn4L,,,mAja5EA,fkbn,cJvF,FzaX,t5EoLzk,oslk,ag5iNPX,LM8l689qOp,,,rgKb,RAYp,F2FyR07IdsN7I,
-1,,,735,7,,,396,,,,336,420,,8,72,,,133.12,0,,,168600,0,,4.330698,18,3,168,21,,323400,0,4593.57,,30,,6,,112770,,,,136,208,-1575292,,945,114,,8766,,,,0,142700,16870,,,430,0,18,,26712,,,503740,,,42,,,20472,,,,0,,,,0,,,qFpmfo8zhV,rEUOq2QD1qfkRr6qpua,,taul,1K8T,FPxv,fhk21Ss,I1sqWRxUAv,nFL_5p_,,UlzJ,9_Y1,wGwL,09_Q,hAFG,7M47J5GA0pTYIFxg5uy,kIsH,uKAI,L84s,QsQAxv5,,ixLHmrs,11pJPFL,VRxR,cJvF,FzaX,4UxGlow,QKW8DRm,catzS2D,LM8l689qOp,,ELof,wX53,ZI9m,ib5G6X1eUxUn6,am7c
-1,,,406,0,,,0,,,,120,150,,0,16,,,286.96,0,,,518400,0,,5.875454,9,,24,0,,5279000,0,154713.3,,5,,0,,,,,,32,64,73289.2,,495,6,,0,4,,,0,7776000,31550,,,0,0,9,,0,,,9522760,,,36,,,0,,,,0,,,,0,,,oyGrjIXt5a,RO12,,taul,1K8T,TyGl,JVFLDAi,glRbITbnHQ,,,qj5w,9_Y1,VILw,VpdQ,zm5i,me75fM6ugJ,kIsH,uKAI,L84s,NhsEn4L,,,mAja5EA,ZvFL,cJvF,,YTCRPlm,oslk,nXK9h3w,,,,5Acm,RAYp,F2FyR07IdsN7I,
1,,,1911,0,,,0,,,,140,175,,2,120,,,282.56,0,,,2668320,0,,1.181585,9,3,26,0,,2400504,0,60240.9,,15,,4,,5547,,,,40,32,91308,,620,42,,0,-22,,,0,851290,2541640,,,0,0,9,,598185,,,10413880,,,8,,,1036800,,,,0,,,,0,,282,eOQgUHShse,RO12,,taul,1K8T,487l,jwhtMxl,2UyoQ4842l,,,gMVu,9_Y1,RVjC,VpdQ,zm5i,me75fM6ugJ,kIsH,uKAI,Mtgm,NhsEn4L,,,NGZxnJM,YihF,UYBR,FzaX,fabLnWA,oslk,EPqQcw6,LM8l689qOp,,,FSa2,RAYp,F2FyR07IdsN7I,
-1,,,105,0,,,0,,,,124,155,,0,0,,,234.72,0,,,136902,0,,2.618671,9,,16,0,,5529616,3,240705,,0,,0,,,,,,32,64,94712.8,,250,6,,0,4,,,8,9427850,0,,,0,0,0,,0,,,10398360,,,44,,,0,,,,0,,,,0,,,kMJt0GoOh3,RO12,,taul,1K8T,0Xwj,_A3J26Z,xunBDW1,,,qPq_,F3hy,rGJy,VpdQ,IYzP,me75fM6ugJ,kIsH,uKAI,L84s,NhsEn4L,,,kq0ncmx,CHvz,UYBR,,7GEv4zN,oslk,UQs7kpB,,,,Qu4f,RAYp,F2FyR07IdsN7I,
-1,,,854,28,,,2972,,,,184,230,,4,64,,,642.64,0,,,1064202,0,,5.872463,36,9,114,224,,4998688,0,179573.4,,5,,2,,2451,,,,56,72,123549.2,,855,24,,369,,,,0,8690450,146818,,,1395,0,36,,166866,,,10721200,,,46,,,60972,,,,0,,,,0,,156,_v2gUHXZeb,RO12,,taul,1K8T,7ALb,9GJGgoz,DKUDUftgA7,aXqmEay,,T_K4,9_Y1,STGZ,VpdQ,wMei,Kxdu,kIsH,uKAI,L84s,FMSzZ91zL2,,F9cslbE,11pMkO_,xrZm,cJvF,FzaX,Tvpip6Z,zCkv,hHJsvbM,jySVZNlOJy,,ELof,453m,6fzt,SbOd7O8ky1wGNxp0Arj0Xs,mj86
-1,,,1141,7,,,380,,,,268,335,,4,88,,,133.12,0,,,12276,0,,3.799615,9,,64,203,,198952,0,3553.89,,10,,4,,,,,,72,128,-12328.36,,845,18,,1179,40,,,0,332225,26052,,,205,0,9,,53914,,,452880,,,66,,,26268,,,,0,,,,0,,,oyGrjIXt5a,RO12,,taul,1K8T,vsvk,6JEJgAs,itSGh3t,JR374qm,,r4td,9_Y1,Nbbb,,hAFG,me75fM6ugJ,kIsH,uKAI,L84s,XfqtO3UdzaXh_,,GFU1C_N,11p4mKe,J8n2,cJvF,FzaX,U3CYjZW,oslk,WmdTQlu,LM8l689qOp,,ELof,5Acm,RAYp,F2FyR07IdsN7I,
-1,,,665,0,,,0,,,,128,160,,0,96,,,198.88,0,,,7736460,0,,5.261696,9,,42,0,,1386496,0,109280.7,,10,,4,,,,,,16,24,98324.8,,570,42,,729,-20,,,0,2195185,1226430,,,0,0,18,,0,,,10611720,,,12,,,3792,,,,0,,,,0,,144,lAFr4RQZiT,RO12,,taul,1K8T,kwI9,0Vr7wZ4,7aPrx0x,,,mBFC,9_Y1,z5Ry,sJzTlal,IYzP,Kxdu,kIsH,uKAI,Mtgm,FMSzZ91zL2,,,TDcEYQ6,X5pz,UYBR,FzaX,XbZitea,zCkv,DHPNgqU,LM8l689qOp,,,FSa2,6fzt,SbOd7O8ky1wGNxp0Arj0Xs,
-1,,,1295,7,,,24,,,,348,435,,2,40,,,86.96,0,,,1921998,0,,2.857296,9,3,32,0,,1163328,3,146699.7,,105,,76,,6663,,,,88,16,85197.2,,765,84,,153,4,,,8,4574580,1950066,,,15,0,9,,41867,,,11330200,,,14,,,2621322,,,,0,,,,0,,,AUUt0GoOh3,RO12,,taul,1K8T,wGW5,fLzAmkt,wD13J6M,,,PWyo,9_Y1,C7DI,VpdQ,IYzP,me75fM6ugJ,kIsH,uKAI,L84s,NhsEn4L,,,mAjbk_S,qltq,cJvF,FzaX,TE7NqhB,oslk,7_Nj7qz,LM8l689qOp,,,Qu4f,RAYp,F2FyR07IdsN7I,
1,,,2709,7,,,1304,,,,132,165,,0,112,,,253.52,0,,,2925198,0,,1.906217,9,3,180,133,,0,0,131823.9,,15,,12,,423,,,,32,0,31176.44,,530,36,,45234,30,,,0,617555,2360080,,,3370,0,27,,0,,,10169880,,,8,,,3110400,,,,0,,,,0,,,avkq9ayfAo,LrdZy8QqgUfkVShG,,taul,1K8T,0Xwj,fhk21Ss,qZsAqpg,NDkVWK8,,QPuB,HLqf,000J,sJzTlal,oZyB,7M47J5GA0pTYIFxg5uy,sBgB,uKAI,L84s,_5OXC8MSLt,,dtcstNZ,XTbj5PX,w8DE,cJvF,AU8pNoi,4UxGlow,oslk,catzS2D,M_8D,,ELof,7P5s,ZI9m,ib5G6X1eUxUn6,mj86
1,,,686,14,,,1008,,,,44,55,,0,24,,,186.64,0,,,5602440,0,,4.469771,27,3,120,0,,1237936,0,223918.8,,0,,0,,79131,,,,8,16,142417.2,,405,24,,8604,6,,,0,792025,2577600,,,1130,0,18,,0,,,10142760,,,4,,,0,,,,0,,,,0,,,75lr4RXktW,2Knk1KF,SEuy,taul,1K8T,uErj,gmq88LT,V6XUlxabJ4VaD,qTMzCl5,smXZ,YyqC,9_Y1,Albh,VpdQ,kxE9,me75fM6ugJ,kIsH,uKAI,L84s,XfqtO3UdzaXh_,,v2L3kCG,XTbPUYD,l0ia,cJvF,FzaX,gbo1rOn,oslk,Pml6FsY,jySVZNlOJy,,xG3x,Xa3G,RAYp,55YFVY9,am7c
-1,,,1001,7,,,28,,,,104,130,,4,72,,,166.56,0,,,0,0,,4.387311,9,3,48,7,,761424,0,22226.88,,0,,2,,6033,,,,40,48,58762.8,,380,0,,1773,24,,,0,481430,63404,,,585,0,0,,326312,,,897896,,,20,,,7848,,,,0,,,,0,,288,UCDvyx8zhV,RO12,,taul,1K8T,pGTb,9GJGgoz,_H1o1j_0IT,FLXl8M5,,AlHf,9_Y1,3NyY,09_Q,IYzP,Kxdu,kIsH,uKAI,L84s,FMSzZ91zL2,,iQcNJU2,kq067VR,6uXi,cJvF,FzaX,Tvpip6Z,zCkv,hHJsvbM,LM8l689qOp,,ELof,WqMG,6fzt,SbOd7O8ky1wGNxp0Arj0Xs,
-1,,,1015,,,,,,,,212,265,,6,136,,,379.6,5,,,1326366,0,,6.4326,,,30,,,2672736,0,144453,,20,,10,,,,,,48,32,145049.6,,605,48,,,6,,,8,5844150,725310,,,,0,0,,1814400,,,10256920,,,30,,,1148220,,,,0,,,,0,,,wRXmfo875g,RO12,,taul,1K8T,AKN1,9GJxoic,JQFeOYK,,,rEF1,9_Y1,Bw19,VpdQ,IYzP,me75fM6ugJ,kIsH,uKAI,L84s,NhsEn4L,,,kZJyVg2,7p2F,cJvF,FzaX,s3vse7s,oslk,51wlOzR,LM8l689qOp,,,wX53,RAYp,F2FyR07IdsN7I,
-1,,,84,0,,,0,,,,20,25,,0,0,,,166.56,0,,,4325406,0,,1.914975,9,3,18,0,,6424440,0,379398,,0,,0,,0,,,,8,16,61957.6,,215,12,,0,,,,0,2988085,0,,,0,0,0,,0,,,8486280,,,2,,,0,,,,0,,,,0,,,xOXr4RXktW,RO12,,taul,1K8T,0Y9G,2dLzqEA,88EhRq8,,,r9NH,9_Y1,Zazx,sJzTlal,IYzP,DHn_WUyBhW_whjA88g9bvA64_,kIsH,uKAI,L84s,CrNX,,,NGZ_12K,oi70,cJvF,FzaX,agOwCWN,d0EEeJi,1OjDLrQ,LM8l689qOp,,,Xa3G,02N6s8f,F2FyR07IdsN7I,
1,,,7931,7,,,196,,,,636,795,,8,320,,,286.96,0,,,3916572,0,,2.864345,9,,44,0,,2767936,0,19654.26,,60,,14,,,,,,168,200,-29723.72,,5005,162,,5931,-20,,,0,3642935,642752,,,265,0,9,,285740,,,9534040,,,96,,,313098,,,,0,,,,0,,366,DHerjIKQ76,RO12,,taul,1K8T,YVv3,3fI4jEC,_03xtaMIkZsn1,,,da5V,9_Y1,7WNq,VpdQ,43pnToF,me75fM6ugJ,kIsH,uKAI,Mtgm,NhsEn4L,,,mAjbk_S,Q_Iv,UYBR,AU8pNoi,pHXYlW4,oslk,wYv2Oqu,M_8D,,,WqMG,RAYp,F2FyR07IdsN7I,
-1,,,2590,21,,,2780,,,,492,615,,18,256,,,133.12,0,,,0,0,,4.24076,45,9,56,315,,623272,0,9088.35,,5,,12,,93657,,,,168,312,7585.56,,1735,0,,60210,28,,,0,445660,162576,,,3705,0,9,,221088,,,1094224,,,90,,,150534,,,,0,,,,0,,300,hSovyx7IEC,RO12,,ev6I,1K8T,7M9D,FJDupBg,_jTP8ioIlJ,,,Kyvk,9_Y1,f4dr,VpdQ,wMei,7M47J5GA0pTYIFxg5uy,kIsH,uKAI,L84s,E1aAZ0x7vd,,,beKMbmK,eTUw,cJvF,FzaX,OYHoGfM,QKW8DRm,RlTh9x_,LM8l689qOp,,,szEZ,vJ_w8kB,WfJYmPMksSqa1pajvfG,mj86
-1,,,847,7,,,216,,,,148,185,,2,8,,,186.64,0,,,5992542,0,,4.279214,18,3,146,0,,1939088,0,219611.4,,35,,2,,702,,,,40,56,102726,,535,72,,73179,,,,0,3888000,172800,,,55,0,18,,126070,,,10454400,,,18,,,1080,,,,0,,,,0,,300,Mtpt0G8EIb,2Knk1KF,SEuy,taul,1K8T,wOc1,7c9SNLr,MypvvoIQqc,XYuUUMC,smXZ,15me,9_Y1,k13i,09_Q,wMei,me75fM6ugJ,kIsH,uKAI,L84s,h0lfDKh52u4GP,,Z9A2Fgu,IoI4mKe,5FI4,UYBR,FzaX,mTP8jNM,oslk,bMSObSS,LM8l689qOp,,xG3x,fKCe,RAYp,55YFVY9,am7c
-1,,,1309,7,,,2312,,,,156,195,,8,120,,,166.56,5,,,450,0,,3.30015,9,,156,98,,114000,0,3520.5,,0,,6,,,,,,40,72,-344.8572,,565,12,,13689,,,,8,51855,29444,,,5485,0,9,,62853,,,171732,,,20,,,21090,,,,0,,,,0,,348,8I1r4RXXnK,2Knk1KF,SEuy,taul,1K8T,dWQK,DP5xtq0,r83_sZi,4u5H8cV,smXZ,VGHH,9_Y1,TFSW,VpdQ,haYg,me75fM6ugJ,kIsH,uKAI,L84s,XfqtO3UdzaXh_,,JS1ob9p,XTbPUYD,f316,UYBR,FzaX,2Lw6pd1,oslk,XHOAGfT,LM8l689qOp,,kG3k,Xa3G,RAYp,TCU50_Yjmm6GIBZ0lL_,mj86
-1,,,11396,14,,,4760,,,,140,175,,2,40,,,176.56,0,,,8229360,0,,3.748344,18,6,186,49,,1382400,0,6597.96,,25,,4,,27552,,,,32,16,115961.6,,5175,102,,8307,,,,0,658205,714388,,,1815,0,45,,604800,,,10552000,,,8,,,1036800,,,,0,,,,0,,,52Iq9ayE15,rEUOq2QD1qfkRr6qpua,,taul,1K8T,PJLW,fhk21Ss,yiXKNUCbD1,cn3Exyb,,LCq0,9_Y1,vm5R,VpdQ,haYg,7M47J5GA0pTYIFxg5uy,kIsH,uKAI,L84s,WsRVNrF85oPU_,,xGyGwSs,XTbIGOn,4w9Y,cJvF,FzaX,4UxGlow,zCkv,catzS2D,jySVZNlOJy,,ELof,7P5s,ZI9m,ib5G6X1eUxUn6,am7c
-1,,,0,0,,,44,,,,0,0,,,0,,,166.56,0,,,0,0,,3.592395,9,,84,0,,0,0,0,,0,,0,,,,,,,0,0,,0,0,,41067,60,,,0,0,0,,,0,0,0,,,,,0,,,0,,,0,,,,0,,,,0,,132,302Oj1KVEH,RO12,SEuy,taul,1K8T,NbV4,T7ckueW,G7uhjcMgI1QYJc_X,dnorC0w,smXZ,U_8b,9_Y1,jdbz,VpdQ,sYC_,me75fM6ugJ,kIsH,uKAI,L84s,NhsEn4L,,airvlVS,kq0aHkC,NwRz,UYBR,FzaX,WZA8iqZ,oslk,jCiQv5o,jySVZNlOJy,,kG3k,kwS7,RAYp,F2FyR07IdsN7I,am7c
-1,,,1043,7,,,768,,,,136,170,,0,40,,,220.08,0,,,4533372,0,,1.566546,9,,48,14,,2605528,0,158631.6,,15,,4,,,,,,40,40,164940,,630,54,,16803,,,,0,3795155,864000,,,4355,0,9,,0,,,10671160,,,20,,,1036800,,,,0,,,,0,,252,uGLq9ayE15,RO12,,taul,1K8T,TyGl,innSmtm,_UtlxbJ,,,uQJv,9_Y1,QBpP,VpdQ,IYzP,DHn_WUyBhW_whjA88g9bvA64_,kIsH,uKAI,L84s,CrNX,,,NGZ_12K,bCpi,cJvF,FzaX,ZLOpNvz,d0EEeJi,b5YgyXK,LM8l689qOp,,,7P5s,nIGXDli,F2FyR07IdsN7I,am7c
-1,,,0,0,,,0,,,,0,0,,,0,,,392.08,0,,,0,0,,2.97351,9,,12,0,,0,0,0,,0,,0,,,,,,,0,-520268,,0,0,,0,4,,,8,0,0,,,0,0,0,,,,,0,,,0,,,0,,,,0,,,,7,,,YddrjIQ5Ph,RO12,,taul,1K8T,PGNs,kjvBmIU,1lFJzqR,,,VNjO,9_Y1,RVjC,VpdQ,IYzP,me75fM6ugJ,kIsH,uKAI,L84s,NhsEn4L,,,mAjIhQy,p8c0,UYBR,FzaX,1vNmS85,oslk,MkQldxq,LM8l689qOp,,,FSa2,RAYp,F2FyR07IdsN7I,
-1,,,679,7,,,100,,,,124,155,,6,88,,,153.2,0,,,475236,0,,6.180944,9,,82,21,,1958816,0,219777.6,,10,,6,,,,,,32,24,139857.6,,425,6,,657,,,,0,4644090,1846416,,,420,0,9,,1713964,,,10374760,,,22,,,1555200,,,,0,,,,0,,342,tr0rEyXktW,RO12,SEuy,taul,1K8T,lK27,MErO9Nm,sLarhXg,v6mBLrQ,smXZ,fmhz,9_Y1,SkZj,VpdQ,Tkho,me75fM6ugJ,kIsH,uKAI,L84s,NhsEn4L,,w0YEyUq,kq0aHkC,9gPm,UYBR,Lmli,1nA68SY,oslk,mhe7j0h,jySVZNlOJy,,kG3k,Aoh3,RAYp,F2FyR07IdsN7I,mj86
-1,,,350,0,,,0,,,,152,190,,0,32,,,253.52,0,,,9190440,0,,3.066866,9,,22,0,,650704,0,209577.3,,30,,4,,,,,,32,16,166250.8,,555,114,,0,4,,,0,1487300,349614,,,0,0,9,,0,,,10862920,,,10,,,1036800,,,,0,,,,0,,318,MlYvyx875g,RO12,,taul,1K8T,vSNn,06Xs45W,glRBFJT8NN,,,Sy6v,9_Y1,QMes,VpdQ,zm5i,me75fM6ugJ,kIsH,uKAI,L84s,NhsEn4L,,,kZJtVhC,cuKm,cJvF,FzaX,LwGmro4,oslk,8erPsJz,jySVZNlOJy,,,WqMG,RAYp,F2FyR07IdsN7I,
-1,,,2947,7,,,616,,,,324,405,,8,104,,,186.64,0,,,4567674,0,,5.240974,9,3,54,21,,2387952,0,46011.6,,40,,16,,204768,,,,112,112,-45703.2,,1180,108,,31851,28,,,0,2807240,342712,,,2795,0,9,,140679,,,9275920,,,40,,,789246,,,,0,,,,0,,246,BQa9tYsdof,RO12,,taul,1K8T,TyGl,31DqtNX,V6XUlxabJ4VaD,60Pw3Mo,,62,9_Y1,YULl,VpdQ,IYzP,me75fM6ugJ,kIsH,uKAI,L84s,NhsEn4L,,6zd9dVU,mAjbk_S,8gTE,UYBR,FzaX,dMzYH7D,oslk,_wyAgOW,LM8l689qOp,,ELof,FSa2,RAYp,F2FyR07IdsN7I,am7c
-1,,,,,4,0,,,,,,,,,,,,,,,,,,,4.975432,,,4,,,,,,,,,,,,,,,,,-4814400,,,,,,,,,,,,,,,,,,,,,,,,,,,,,,,,,,614593,,,,g5dmfo875g,RO12,,taul,1K8T,AKN1,hWDloaA,lGXpFd_2Rf,,,1RFo,9_Y1,Ew1Q,09_Q,,me75fM6ugJ,kIsH,uKAI,L84s,NhsEn4L,,,uZL60aU,XQB3,cJvF,,KA3R98m,oslk,XdAUmxB,,,,wX53,RAYp,F2FyR07IdsN7I,
-1,,,483,14,,,2028,,,,60,75,,6,0,,,200,0,,,3702,0,,3.011963,18,3,100,14,,177880,0,7624.53,,0,,0,,8487,,,,32,72,28480.44,,180,6,,14400,,,,0,135335,0,,,515,0,18,,18004,,,199676,,,10,,,0,,,,0,,,,0,,360,1YVvyx7IEC,RO12,,taul,1K8T,FgS1,J7Knr2P,qj0X1JD6U2VDfcVe,3Vu2w2G,,O2GP,9_Y1,RcM7,09_Q,hAFG,me75fM6ugJ,kIsH,uKAI,L84s,XfqtO3UdzaXh_,,lLtTL5l,11p4mKe,FEyh,UYBR,FzaX,Fpzfql_,oslk,mfC2Oqu,LM8l689qOp,,ELof,szEZ,RAYp,F2FyR07IdsN7I,am7c
-1,,,1834,7,,,1424,,,,180,225,,4,88,,,166.56,0,,,6123840,0,,5.690451,9,3,98,7,,405192,0,60488.1,,30,,8,,0,,,,40,16,-144249.6,,795,84,,2277,,,,0,516685,280500,,,4370,0,9,,354543,,,7929840,,,16,,,1023492,,,,0,,,,0,,138,8Iqt0G8rTN,RO12,SEuy,taul,1K8T,TyGl,mMEMUDL,YmZmFZu,H_r1AEp,smXZ,X9BD,9_Y1,e7QV,VpdQ,sYC_,me75fM6ugJ,kIsH,uKAI,L84s,NhsEn4L,,dDbG0ta,beK4AFX,8uxy,cJvF,FzaX,TIB8hdx,oslk,u4_Rusu,LM8l689qOp,,kG3k,fKCe,RAYp,F2FyR07IdsN7I,mj86
-1,,,3094,7,,,688,,,,232,290,,4,144,,,200,5,,,2182842,0,133284,4.710959,18,6,194,28,,4903416,0,6327.271,,20,,32,,507234,,,,56,56,-560420,,1205,18,,22428,34,,,16,70945,68190,,,1170,0,18,,16961,,,4362920,,,20,,,168426,,,,0,,,,7,,330,52Iq9ayE15,2Knk1KF,SEuy,taul,1K8T,z32l,fhk21Ss,BBhiudN5VwCx3,8D4hLTM,smXZ,PEA0,9_Y1,vm5R,VpdQ,y6dw,7M47J5GA0pTYIFxg5uy,kIsH,uKAI,L84s,_5OXC8MSLt,,vTxLDJq,LxWhDOK,8pnM,cJvF,FzaX,4UxGlow,oslk,catzS2D,LM8l689qOp,,kG3k,7P5s,ZI9m,iyHGyLCEkQ,am7c
-1,,,315,0,,,0,,,,16,20,,0,16,,,313.68,5,,,0,0,,4.869473,9,,22,0,,131712,0,91851,,0,,0,,,,,,8,8,-919272,,195,0,,0,4,,,8,277260,324448,,,0,0,18,,0,,,936560,,,2,,,0,,,,0,,,,0,,282,Iskvyx875g,RO12,,taul,1K8T,487l,2cB4lx4,D5ksmOvSExf4jbrd,,,CJGI,9_Y1,MBhA,VpdQ,IYzP,me75fM6ugJ,kIsH,uKAI,L84s,NhsEn4L,,,7Ww66JZ,Rosu,UYBR,,yNFOVQC,oslk,3z2QQMs,,,,WqMG,RAYp,0pzBWGkV3fbsGZN52DH,
1,,,798,21,,,12256,,,,28,35,,0,16,,,253.52,0,,,1271496,0,,5.714164,36,9,158,2086,,3786608,0,231200.4,,5,,2,,748263,,,,8,8,-339881.6,,345,6,,39294,-30,,,0,2221390,1513000,,,29255,0,54,,0,,,8131120,,,2,,,537228,,,,0,,,,0,,,64nWq69R_D,2Knk1KF,SEuy,taul,1K8T,0Xwj,fhk21Ss,ZkibjLN5VwJ2V,6eyKGqD,smXZ,7CG1,HLqf,0A_v,VpdQ,hAFG,7M47J5GA0pTYIFxg5uy,sBgB,uKAI,L84s,Ie_5MZs,,kG78y3N,CWNY2py,6hj3,UYBR,AU8pNoi,4UxGlow,zCkv,catzS2D,LM8l689qOp,,kG3k,PM2D,ZI9m,TCU50_Yjmm6GIBZ0lL_,am7c
-1,,,343,0,,,0,,,,152,190,,0,48,,,220.08,0,,,9187680,0,,6.387097,9,,16,0,,495312,0,81335.09,,20,,6,,,,,,32,56,188559.6,,865,108,,0,,,,0,0,1036800,,,0,0,0,,0,,,10781000,,,0,,,1555200,,,,0,,,,0,,,HAoOj1KXzC,RO12,,taul,1K8T,JLbT,8NsJSJw,iRwYJUn,,,Rls2,9_Y1,jdbz,VpdQ,IYzP,DHn_WUyBhW_whjA88g9bvA64_,kIsH,uKAI,L84s,CrNX,,,y5FewfI,b8sx,cJvF,,UsFCnO3,d0EEeJi,VjJ1V_1,,,,kwS7,02N6s8f,F2FyR07IdsN7I,
-1,,,707,7,,,2260,,,,108,135,,4,88,,,166.56,0,,,0,0,,4.025422,9,3,108,42,,315056,0,16248.84,,10,,14,,89355,,,,24,40,93452,,330,0,,5121,8,,,0,307015,211592,,,135,0,27,,82579,,,1008516,,,4,,,259068,,,,0,,,,0,,,EsYrjIX0Db,eSGpMwS8zSGgq_trOpckZ5,,taul,1K8T,TyGl,sjdgCVv,r83_sZi,,,DssG,9_Y1,Nbbb,VpdQ,wMei,DHn_WUyBhW_whjA88g9bvA64_,kIsH,uKAI,L84s,UbxQ8lZ,,,teAAe2o,Ilsw,UYBR,FzaX,9Z9aXig,Al6ZaUT,24OHEwz,LM8l689qOp,,,5Acm,02N6s8f,R4y5gQQWY8OodqDV,mj86
-1,,,0,7,,,1572,,,,0,0,,,0,,,0,0,,,0,0,,2.260842,9,3,104,35,,0,0,0,,0,,0,,54,,,,,0,0,,0,0,,3033,,,,0,0,0,,,4450,0,0,,,,,0,,,0,,,0,,,,0,,,,0,,,hSovyxdtN_,RO12,,taul,1K8T,lK27,jlzcpQc,,,,,9_Y1,f4dr,,IYzP,me75fM6ugJ,kIsH,g5HH,L84s,NhsEn4L,,,beK4AFX,qaa7,cJvF,qxDb,OgVfql_,oslk,BXGzrB7,jySVZNlOJy,,,szEZ,RAYp,F2FyR07IdsN7I,mj86
-1,,,56,0,,,0,,,,24,30,,0,16,,,23.36,0,,,0,9,,0.65627,9,,18,0,,0,6,211965,,0,,2,,,,,,8,0,234156.4,,200,0,,0,-6,,,24,7273800,1053784,,,0,0,0,,0,,,9269520,,,6,,,2014338,,,,0,,,,0,,,GcUBcmz45j,RO12,,taul,1K8T,TyGl,esxkA1P,k10MzgT,,,azFH,9_Y1,WGOH,VpdQ,IYzP,me75fM6ugJ,kIsH,uKAI,Mtgm,NhsEn4L,,,7WwuNea,yHtN,UYBR,FzaX,EPImS85,oslk,MI8s5nE,LM8l689qOp,,,Qcbd,RAYp,F2FyR07IdsN7I,
-1,,,1071,7,,,976,,,,196,245,,6,112,,,200,0,,,0,0,,4.518693,9,3,42,266,,840008,0,25944.84,,5,,18,,59274,,,,56,72,-58746,,640,0,,148212,16,,,0,527420,209696,,,170,0,0,,213080,,,1659444,,,32,,,538086,,,,0,,,,0,,234,u6tWq6edh4,RO12,,taul,1K8T,JLbT,VcW4jEC,_UtlxbJ,,,xXIG,9_Y1,_xpN,VpdQ,IYzP,me75fM6ugJ,kIsH,uKAI,L84s,NhsEn4L,,,mAja5EA,C4Xo,UYBR,FzaX,BV9YlW4,oslk,2fF2Oqu,LM8l689qOp,,,FSa2,RAYp,F2FyR07IdsN7I,
-1,,0,,,,,,,,,,,0,,,0,0,,,,,,,,5.19953,,,10,,,,,,,,,,,,,,,,,-1296192,,,,,,4,,,,,,,,,,,,,,,,,,,,,,,,,,,,,,,288,Foxt0Go8Lb,RO12,,taul,1K8T,JLbT,xReuqyB,glRbITbnHQ,,,0_Ay,9_Y1,YePk,VpdQ,,me75fM6ugJ,kIsH,uKAI,L84s,NhsEn4L,,,NGZxnJM,sI0a,cJvF,FzaX,jE9OVQC,oslk,dzQRt72,LM8l689qOp,,,Qu4f,RAYp,F2FyR07IdsN7I,
-1,,,1071,0,,,0,,,,316,395,,2,96,,,719.92,0,,,3320310,0,,1.342662,9,,22,0,,2819096,0,61824.9,,15,,8,,,,,,56,72,504212,,1830,138,,0,-2,,,0,3206295,1574656,,,0,0,9,,604800,,,10508240,,,56,,,1658340,,,,0,,,,0,,324,ZSNq9atbb6,RO12,,taul,1K8T,sbZD,WkH7nZN,GSY7LdKoerNGJAhp,,,5hez,9_Y1,KfYH,09_Q,zm5i,me75fM6ugJ,kIsH,g5HH,L84s,NhsEn4L,,,jawO7iH,y8W_,cJvF,,scZ0Q3K,oslk,zmvzrB7,,,,me1d,RAYp,F2FyR07IdsN7I,
-1,,,791,7,,,84,,,,132,165,,0,16,,,320.4,0,,,9312780,0,,5.770989,9,,54,21,,0,0,216189.3,,45,,0,,,,,,32,0,126723.2,,515,114,,10224,30,,,0,763930,345600,,,60,0,9,,0,,,10621280,,,6,,,0,,,,0,,,,0,,,1GdOj1KXzC,RO12,,taul,1K8T,0Y9G,N455JqQ,WN2wUb0T0UKRa,_VH3I2x,,knUC,9_Y1,jdbz,09_Q,Tkho,me75fM6ugJ,kIsH,uKAI,L84s,NhsEn4L,,PnBGtLh,kq0n8Bj,YOBH,UYBR,FzaX,gfM8XLE,oslk,knDz20V,LM8l689qOp,,ELof,kwS7,RAYp,F2FyR07IdsN7I,mj86
-1,,0,,,,,,,,,,,0,,,0,0,,,,,,,,0.5671865,,,10,,,,,,,,,,,,,,,,,-1264624,,,,,,4,,,,,,,,,,,,,,,,,,,,,,,,,,,,,,,318,gOyq9ayE15,RO12,,taul,1K8T,0Xwj,cGZPV0c,P9HTde2,,,CnG8,F3hy,QBpP,VpdQ,,me75fM6ugJ,kIsH,uKAI,L84s,NhsEn4L,KdSa,,uZL60aU,7hlg,cJvF,,rulfc8E,oslk,y9NqhZX,,,,7P5s,RAYp,F2FyR07IdsN7I,
-1,,,364,0,,,0,,,,44,55,,4,0,,,254.72,5,,,7747920,9,,3.517838,18,6,22,0,,4877632,0,226795.5,,5,,2,,123201,,,,56,48,-300670,,415,18,,0,-22,,,16,0,0,,,0,0,9,,4417,,,7901600,,,0,,,97164,,,,0,,,,0,,,DHeq9ayfAo,RO12,,taul,1K8T,_8YK,jCeGyn_,i_uHBG2,,,Pey_,9_Y1,kJJ7,VpdQ,zm5i,me75fM6ugJ,kIsH,uKAI,Mtgm,NhsEn4L,,,NGZxnJM,Emru,cJvF,FzaX,tCbv66D,oslk,bcU6icy,LM8l689qOp,,,7P5s,RAYp,F2FyR07IdsN7I,
-1,,,1253,21,,,1080,,,,296,370,,8,200,,,157.68,0,,,145722,0,,0.9230933,36,,102,7,,2669736,0,45755.7,,0,,6,,,,,,56,128,12812.16,,915,48,,936,24,,,0,1015335,250620,,,520,0,9,,712082,,,2812344,,,44,,,100230,,,,0,,,,0,,,KXMgUH7IEC,RO12,,taul,1K8T,lK27,uqsq_S5,_jTP8ioIlJ,QK2ZHO1,,umg2,9_Y1,m_h1,VpdQ,6JmL,me75fM6ugJ,kIsH,uKAI,L84s,XfqtO3UdzaXh_,,f79Ve8l,XTbPUYD,OvOy,cJvF,FzaX,pIAmJge,oslk,f76ryQi,LM8l689qOp,,ELof,WqMG,RAYp,F2FyR07IdsN7I,mj86
-1,,,140,0,,,0,,,,40,50,,2,16,,,230.56,0,,,5958300,0,,0.09356975,9,,20,0,,1136960,0,337830,,0,,2,,,,,,24,24,-35327.72,,190,12,,0,-4,,,0,3284485,694344,,,0,0,9,,16891,,,9246920,,,4,,,1034970,,,,0,,,,0,,138,Iskvyx875g,RO12,,taul,1K8T,pGTb,0Vr7wZ4,8o3zKbi,,,Z4w0,9_Y1,MBhA,sJzTlal,zm5i,Kxdu,kIsH,uKAI,Mtgm,FMSzZ91zL2,,,NGZwKda,_AeM,UYBR,FzaX,XbZitea,zCkv,DHPNgqU,LM8l689qOp,,,WqMG,6fzt,SbOd7O8ky1wGNxp0Arj0Xs,
-1,,,833,7,,,0,,,,140,175,,2,16,,,220.08,0,,,4162638,0,,1.620808,9,,66,0,,3456000,0,212270.7,,20,,2,,,,,,32,40,162311.6,,535,60,,819,14,,,0,4575325,345600,,,5,0,18,,604800,,,10319920,,,26,,,245868,,,,0,,,,0,,,51rBcmz45j,LrdVolaSGUfkVeWC,,taul,1K8T,487l,RPKu5tB,AnFl2Mwxzd,22ZxMxg,,G7MT,9_Y1,KubS,VpdQ,wMei,me75fM6ugJ,kIsH,uKAI,L84s,h0lfDKh52u4GP,,A3cfR5K,ORM0Mzs,OYKu,cJvF,FzaX,WdP1WU5,oslk,05j67Xw,LM8l689qOp,,ELof,Qcbd,RAYp,R4y5gQQWY8OodqDV,mj86
-1,,,1162,0,,,1184,,,,216,270,,16,80,,,166.56,0,,,948186,0,,3.712882,9,,146,0,,35720,0,87128.41,,20,,12,,,,,,88,64,-264449.6,,690,36,,28656,,,,0,868235,182504,,,0,0,27,,75145,,,3260692,,,40,,,564036,,,,0,,,,0,,192,jg6vyxLkBI,onTuEhrJJQy_H3IHkZku5AFczhYGqxJ890,SEuy,taul,1K8T,ssAy,fqeOwLG,TbQyCeZ21flwy,6uM6WbI,smXZ,DLyg,9_Y1,vzJD,,haYg,7M47J5GA0pTYIFxg5uy,kIsH,uKAI,L84s,UbxQ8lZ,,vGIUxXG,ORMRote,IiyD,UYBR,FzaX,fxJmel6,Al6ZaUT,WfsWw2A,LM8l689qOp,,kG3k,xb3V,ZI9m,iyHGyLCEkQ,am7c
-1,,,1309,7,,,3088,,,,136,170,,4,40,,,318.88,0,,,4402608,0,,4.31254,9,3,116,175,,3801696,0,102685.2,,10,,0,,4248,,,,32,48,119277.6,,535,60,,10989,36,,,0,4356110,792020,,,1865,0,36,,1108828,,,10538480,,,22,,,0,,,,0,,,,0,,276,LDPvyx7IEC,eSGpMwS8zSGgq_trOpckZ5,SEuy,taul,1K8T,Bxva,83iWKYv,5wCdaMvjmfFev,nSsVwJ7,smXZ,mvdE,9_Y1,qaiO,09_Q,wMei,15TtzZrRt2,kIsH,uKAI,L84s,UbxQ8lZ,,pwbb4qZ,teAAe2o,550g,UYBR,FzaX,kH5sgTz,Al6ZaUT,HX39lNX,LM8l689qOp,,kG3k,szEZ,02N6s8f,R4y5gQQWY8OodqDV,am7c
-1,,,1477,14,,,3336,,,,180,225,,10,120,,,100.32,0,,,0,0,10877.76,4.381329,27,6,58,168,,71320,0,5705.22,,0,,12,,101361,,,,72,64,-83191.6,,660,0,,41517,4,,,0,227445,43626,,,5620,0,0,,41146,,,332616,,,32,,,41622,,,,0,,,,0,,,Iskvyx875g,RO12,,taul,1K8T,vSNn,6CXYbuk,0ZlStaN,FWqmn_Z,,CYGG,9_Y1,QMes,VpdQ,IYzP,Kxdu,kIsH,uKAI,L84s,FMSzZ91zL2,,LE5UFCy,NGZokw4,5P3S,cJvF,FzaX,ROeipLp,zCkv,K2SqEo9,LM8l689qOp,,ELof,WqMG,6fzt,SbOd7O8ky1wGNxp0Arj0Xs,am7c
-1,,,931,21,,,2612,,,,516,645,,10,232,,,253.52,0,,,7338360,0,,1.256356,36,6,78,259,,659816,0,167645.1,,35,,16,,47745,,,,104,72,97728,,1245,138,,24012,30,,,0,2670690,249858,,,2045,0,9,,213059,,,10240040,,,106,,,796452,,,,0,,,,0,,276,m9SvyxLkBI,RO12,SEuy,LfvqpCtLOY,1K8T,R4_H,OHMwWsw,76j2P_OLn0,AxT519F,smXZ,Bvcn,9_Y1,FbIm,VpdQ,IYzP,DHn_WUyBhW_whjA88g9bvA64_,kIsH,uKAI,L84s,CrNX,,_ScPVob,7WwM33k,FCWA,UYBR,FzaX,_am1sjm,d0EEeJi,460km3N,LM8l689qOp,,kG3k,xb3V,nIGXDli,F2FyR07IdsN7I,am7c
-1,,,91,0,,,0,,,,172,215,,0,64,,,20.08,5,,,6457020,0,,6.68981,9,,14,0,,1376544,0,161654.4,,30,,2,,,,,,32,24,83468.8,,300,96,,0,-10,,,8,2371660,500450,,,0,0,0,,0,,,10179800,,,18,,,417738,,,,0,,,,0,,114,FoxgUHSK8h,RO12,,taul,1K8T,JLbT,OKQ4Lhq,o5WT5gy7iu,,,mhiv,9_Y1,mTeA,VpdQ,IYzP,me75fM6ugJ,kIsH,uKAI,L84s,NhsEn4L,,,NGZXJ7z,sxsb,UYBR,,K9B4K41,oslk,L8yRgaQ,,,,FSa2,RAYp,F2FyR07IdsN7I,
-1,,,784,7,,,904,,,,136,170,,2,72,,,220.08,0,,,2973624,0,,6.860927,18,3,34,0,,721080,0,196116.9,,10,,8,,11601,,,,40,16,51529.2,,515,48,,8379,10,,,0,3474020,1498386,,,390,0,9,,604800,,,10039840,,,18,,,2073600,,,,0,,,,0,,390,zKnr4RXktW,RO12,,taul,1K8T,EJC9,6CXYbuk,k10MzgT,,,kJZ7,9_Y1,TFSW,VpdQ,zm5i,Kxdu,kIsH,uKAI,L84s,9pUnzWLbztKTo,,,mAjygUE,bXZb,cJvF,qxDb,ROeipLp,zCkv,K2SqEo9,jySVZNlOJy,,,Xa3G,6fzt,am14IcfM7tWLrUmRT52KtA,
-1,,,1022,7,,,2896,,,,308,385,,2,120,,,257.28,0,,,7364820,0,,4.102756,9,3,58,329,,679648,0,43760.4,,40,,8,,15783,,,,56,32,518084,,935,108,,53937,-24,,,0,2020490,250702,,,8155,0,45,,38374,,,10533280,,,56,,,1458546,,,,0,,,,0,,252,NQ5vyxLkBI,RO12,,taul,1K8T,ssAy,_A3nXHo,b1zcnrj,MF5aSn3,,2Wm6,9_Y1,vzJD,VpdQ,itlM,me75fM6ugJ,sBgB,uKAI,Mtgm,XfqtO3UdzaXh_,,aN5GUUF,11p4mKe,8pPJ,cJvF,FzaX,THM88FJ,oslk,erEqhZX,LM8l689qOp,,ELof,xb3V,RAYp,F2FyR07IdsN7I,
-1,,113475,,,,,,,,,,,0,,,0,0,,,,,,,,5.812006,,,10,,,,,,,,,,,,,,,,,443404,,,,,,-14,,,,,,,,,,,,,,,,,,,,,,,,,,,,,,,,mCGq9ayE15,RO12,,taul,1K8T,z32l,8ij6Lg8,FoJylxy,,,v_7F,9_Y1,kJJ7,VpdQ,,me75fM6ugJ,kIsH,uKAI,Mtgm,NhsEn4L,KdSa,,7WwuNea,w8mx,cJvF,FzaX,7OmVzos,oslk,76DJixu,LM8l689qOp,,,7P5s,RAYp,F2FyR07IdsN7I,
-1,,,1225,7,,,2980,,,,60,75,,2,48,,,166.56,0,,,0,0,,2.837428,9,,58,301,,100008,0,8581.801,,0,,0,,,,,,8,24,-88029.2,,250,0,,128763,34,,,0,140960,47976,,,315,0,0,,63924,,,258724,,,12,,,0,,,,0,,,,0,,,m9SrEy7Rm6,RO12,,taul,1K8T,sKnY,6CXYbuk,NFlfMbKIm3,iONEROy,,Cp8H,9_Y1,H9GL,sJzTlal,IYzP,Kxdu,kIsH,uKAI,L84s,9pUnzWLbztKTo,,m9kbx_8,TDc92TK,k5A1,cJvF,FzaX,ROeipLp,zCkv,K2SqEo9,jySVZNlOJy,,ELof,Aoh3,6fzt,am14IcfM7tWLrUmRT52KtA,am7c
1,,,1043,7,,,2428,,,,164,205,,0,88,,,166.56,0,,,0,0,,2.135014,9,,88,0,,445792,0,51798.6,,10,,2,,,,,,48,64,-442156,,540,0,,1755,-26,,,0,446700,185244,,,525,0,18,,0,,,962180,,,38,,,6930,,,,0,,,,0,,,E3dr4RQxul,RO12,SEuy,taul,1K8T,TyGl,_ybO0dd,V4E_TU9097,F5LU1Wl,smXZ,_KdE,9_Y1,z5Ry,09_Q,sYC_,me75fM6ugJ,kIsH,uKAI,L84s,NhsEn4L,,plqfR5K,kq0aHkC,tCpO,UYBR,FzaX,L91KIiz,oslk,CE7uk3u,LM8l689qOp,,kG3k,FSa2,RAYp,F2FyR07IdsN7I,am7c
-1,,,882,14,,,2100,,,,828,1035,,0,504,,,166.56,0,,,6371340,0,,1.483016,27,,106,147,,2764800,0,157363.8,,20,,0,,,,,,32,32,208085.2,,1350,78,,3699,,,,0,4350525,6856,,,90,0,9,,0,,,10506480,,,246,,,0,,,,0,,,,0,,,1qmr4RQxul,2Knk1KF,SEuy,taul,1K8T,NSDI,_ybO0dd,FoJylxy,xJywefy,smXZ,kJs5,9_Y1,z5Ry,VpdQ,sYC_,me75fM6ugJ,kIsH,uKAI,L84s,NhsEn4L,,0wMArSg,kq05rcx,GTnh,UYBR,FzaX,L91KIiz,oslk,CE7uk3u,M_8D,,kG3k,FSa2,RAYp,55YFVY9,am7c
-1,,,1155,14,,,2568,,,,88,110,,2,40,,,299.2,0,,,1365168,0,,5.676351,18,6,44,84,,5977656,3,133655.7,,15,,0,,66402,,,,32,24,45714,,560,24,,13122,,,,8,4328075,256562,,,7445,0,27,,1682982,,,9457120,,,14,,,0,,,,0,,,,0,,168,qXhvyxLp3Z,RO12,,taul,1K8T,0Xwj,tUuP5QB,ZIXqNozRXZ,,,7L2D,F3hy,FbIm,sJzTlal,IYzP,me75fM6ugJ,kIsH,uKAI,L84s,NhsEn4L,,,kZJtVhC,ubhB,UYBR,FzaX,cABfGrO,oslk,wniqI2t,LM8l689qOp,,,xb3V,RAYp,F2FyR07IdsN7I,
-1,,,1253,7,,,916,,,,132,165,,0,0,,,176.56,0,,,2172618,0,,4.784448,9,,52,0,,4838408,0,112851.9,,10,,0,,,,,,32,56,155181.2,,655,30,,67338,22,,,0,7473200,0,,,1305,0,18,,0,,,10537360,,,38,,,0,,,,0,,,,0,,,NESWq69R_D,RO12,SEuy,taul,1K8T,AHgj,vHHY4q6,Hz6CKEGgVigq3,qZUmZtf,smXZ,9tuc,9_Y1,mTeA,09_Q,43pnToF,me75fM6ugJ,kIsH,uKAI,L84s,NhsEn4L,,TbSVgRD,TDcECyH,k1WY,UYBR,FzaX,R4hm94s,oslk,oSyMpgG,jySVZNlOJy,,kG3k,FSa2,RAYp,F2FyR07IdsN7I,mj86
-1,,,1099,0,,,44,,,,128,160,,0,8,,,253.52,0,,,10854720,0,,3.21897,9,,42,0,,0,0,148380.3,,45,,0,,,,,,32,0,162194.4,,560,126,,1854,,,,0,377760,28310,,,0,0,9,,0,,,10705720,,,2,,,0,,,,0,,,,0,,,0vimfo8zhV,RO12,,taul,1K8T,LloI,jX5lhSa,k5KwT10ch2oJC,,,UPi7,9_Y1,Bw19,09_Q,zm5i,me75fM6ugJ,kIsH,uKAI,L84s,NhsEn4L,,,kZJtVhC,e_kT,UYBR,,WEga9N8,oslk,NbpRb9q,,,,wX53,RAYp,F2FyR07IdsN7I,
-1,,,1309,7,,,544,,,,124,155,,0,16,,,20.08,10,,,8579880,0,,1.659474,9,3,34,56,,57304,3,96200.41,,25,,2,,91005,,,,24,8,-328404.8,,535,108,,7740,4,,,24,1252100,73386,,,170,0,9,,0,,,8720000,,,8,,,142494,,,,0,,,,0,,,vAsvyx7ejg,RO12,,taul,1K8T,7wJ6,SmUcc4J,_UtlxbJ,,,Bwjm,9_Y1,xSqs,,43pnToF,DHn_WUyBhW_whjA88g9bvA64_,kIsH,uKAI,L84s,CrNX,,,y5FewfI,s55p,UYBR,FzaX,EPIzih5,d0EEeJi,DUSBCX3,LM8l689qOp,,,szEZ,nIGXDli,F2FyR07IdsN7I,
-1,,,,,,,,,,,,,,,,,,,,1703614,,,,,4.112583,,,6,,0,,,,,,16,,,,,,,,,-1253876,,,,,,-18,,,,,,,,,,,,,,,,,,,,922158,,,,,,,,,,,132,vAsTmBfHUn,RO12,,taul,1K8T,ssAy,0Cp8pHi,nQURdZmEHe,,,yslf,9_Y1,Z5OU,VpdQ,,me75fM6ugJ,kIsH,uKAI,Mtgm,NhsEn4L,,,7WwCtIM,vF2x,cJvF,FzaX,aldAAox,oslk,cWNRt2K,LM8l689qOp,4n2X,,Qu4f,RAYp,F2FyR07IdsN7I,
-1,,,2289,14,,,32,,,,552,690,,4,200,,,166.56,0,,,1107330,0,,5.672933,27,3,126,7,,1417408,0,22715.79,,15,,20,,2784,,,,64,144,133076.4,,1970,126,,13743,,,,0,950525,396608,,,180,0,27,,384909,,,3330736,,,122,,,399708,,,,0,,,,0,,,avkq9ayfAo,g62hiBSaKg,,taul,1K8T,0Xwj,83iWKYv,r83_sZi,3VuBL38,,q1Sq,HLqf,QBpP,VpdQ,hAFG,15TtzZrRt2,sBgB,uKAI,L84s,CrNX,,dMYTDJY,AuSBTw7,5QEJ,cJvF,FzaX,kH5sgTz,d0EEeJi,HX39lNX,LM8l689qOp,,ELof,7P5s,02N6s8f,ib5G6X1eUxUn6,mj86
-1,,,1309,7,,,240,,,,372,465,,6,440,,,186.64,0,,,0,0,,0.4308908,9,3,58,0,,489456,0,4918.11,,0,,18,,90510,,,,40,88,-84387.2,,1145,0,,59589,4,,,0,152910,294320,,,980,0,18,,213626,,,1072052,,,36,,,174534,,,,0,,,,0,,,8Fdr4RXXnK,RO12,,taul,1K8T,EzKK,dpLnqNs,_UtlxbJ,p_ULzxT,,VGHH,9_Y1,TFSW,VpdQ,haYg,me75fM6ugJ,kIsH,uKAI,L84s,XfqtO3UdzaXh_,,PaO9OhQ,11p4mKe,wWOU,cJvF,FzaX,9F7m0jM,oslk,jrbDSFl,LM8l689qOp,,ELof,Xa3G,RAYp,F2FyR07IdsN7I,am7c
-1,,,1057,7,,,3104,,,,112,140,,6,72,,,146.48,0,,,0,0,,6.908353,18,3,86,21,,10552,0,5576.85,,0,,4,,74604,,,,48,32,-1912076,,330,0,,3582,,,,0,364545,63334,,,185,0,9,,31346,,,439540,,,26,,,23940,,,,0,,,,0,,288,N_vrjIXt5a,RO12,SEuy,taul,1K8T,dTod,j9nq_S5,WeaL,a1lJkt_,smXZ,UG42,9_Y1,nr0d,VpdQ,Tkho,me75fM6ugJ,kIsH,uKAI,L84s,NhsEn4L,,1I83LWr,kq0aHkC,fjGx,cJvF,FzaX,do06V3V,oslk,AmO2pc5,LM8l689qOp,,kG3k,5Acm,RAYp,F2FyR07IdsN7I,
-1,,,1925,21,,,2956,,,,200,250,,18,40,,,133.76,0,,,0,0,13703.36,6.967742,36,9,174,70,,245576,0,7803,,45,,24,,34530,,,,120,120,-1503100,,515,0,,68553,,,,0,76855,35914,,,1760,0,45,,201474,,,443476,,,18,,,187932,,,,0,,,,0,,,dRaTmBfHUn,2Knk1KF,SEuy,taul,1K8T,0Xwj,fqeOwLG,yLQX8HOoy1,7f6LLZc,smXZ,qljo,HLqf,4N0K,09_Q,6JmL,7M47J5GA0pTYIFxg5uy,sBgB,uKAI,L84s,TVE1uh4F_wOi_,,jyjPOYt,CWNdri0,i3lG,cJvF,FzaX,fxJmel6,zCkv,WfsWw2A,LM8l689qOp,,kG3k,Qu4f,ZI9m,iyHGyLCEkQ,am7c
1,,,350,0,,,0,,,,96,120,,4,56,,,166.56,0,,,0,0,,4.712882,9,3,16,0,,72744,0,4173.9,,0,,10,,37716,,,,40,72,5342.72,,405,0,,0,4,,,0,8105,16990,,,0,0,0,,26558,,,123816,,,6,,,70470,,,,0,,,,0,,,8Fdr4RXXnK,RO12,,taul,1K8T,0Xwj,YLToWha,Gai9lEF2Fr,,,fAAM,HLqf,5euo,VpdQ,IYzP,DHn_WUyBhW_whjA88g9bvA64_,sBgB,uKAI,L84s,CrNX,,,y5FU_7t,mWX4,cJvF,FzaX,2LwQLfu,d0EEeJi,6JshouF,LM8l689qOp,,,7FJQ,02N6s8f,F2FyR07IdsN7I,
-1,,,896,7,,,472,,,,160,200,,0,136,,,220.08,0,,,195114,0,,3.926298,9,3,96,35,,458392,0,40320.3,,5,,24,,126249,,,,40,32,-50337.6,,665,18,,4068,6,,,0,273180,571294,,,2390,0,18,,0,,,2167816,,,6,,,587526,,,,0,,,,0,,,vAsgUHXM47,RO12,,taul,1K8T,TyGl,iJzviRg,CdPgMY1Z52,nFLnrRa,,2DC2,9_Y1,LqKm,,wMei,7M47J5GA0pTYIFxg5uy,kIsH,uKAI,L84s,WsRVNrF85oPU_,,CI1HGBE,CWN3qSG,cS2g,cJvF,FzaX,ch2oGfM,zCkv,P6pu4Vl,LM8l689qOp,,ELof,453m,ZI9m,R4y5gQQWY8OodqDV,mj86
-1,,,721,7,,,56,,,,116,145,,2,40,,,265.76,0,,,8440560,0,61687.2,0.1647084,9,,34,0,,1626800,9,203344.2,,10,,2,,,,,,24,24,55484,,495,78,,169218,-20,,,24,1745945,792020,,,180,0,27,,554414,,,10371640,,,10,,,475212,,,,0,,,,0,,,xOXrjIQq3d,RO12,,taul,1K8T,TyGl,Xlthli9,MQULVR6,,,VNjO,9_Y1,RVjC,VpdQ,zm5i,me75fM6ugJ,kIsH,uKAI,Mtgm,NhsEn4L,,,mAjbk_S,p8c0,UYBR,FzaX,U8IKsQe,oslk,R2LdzOv,LM8l689qOp,,,FSa2,RAYp,F2FyR07IdsN7I,
-1,,,798,7,,,1976,,,,104,130,,10,88,,,166.56,0,,,0,0,,6.591327,9,3,86,28,,23320,0,3028.35,,0,,20,,50727,,,,80,8,8865.84,,315,0,,8919,6,,,0,18935,18610,,,215,0,18,,35245,,,104868,,,8,,,61260,,,,0,,,,0,,,Foxt0Go8Lb,RO12,,taul,1K8T,487l,kJ1ERUT,NBVdnPazOh4li,04tG842,,0_Ay,9_Y1,YePk,sJzTlal,hAFG,7M47J5GA0pTYIFxg5uy,kIsH,uKAI,Mtgm,leSl,,4Bqs9zC,pMW9Htj,5fJO,cJvF,FzaX,MMTJrCp,QKW8DRm,Rkj9jvX,LM8l689qOp,,ELof,Qu4f,vJ_w8kB,WfJ2BB2SFSqauljlfOB,am7c
-1,,,791,7,,,172,,,,136,170,,0,8,,,286.96,0,,,10034520,0,,2.463576,9,3,48,0,,0,0,195844.2,,45,,0,,208398,,,,32,0,282680.4,,550,120,,270,-22,,,0,1044810,22622,,,230,0,9,,0,,,10575320,,,8,,,0,,,,0,,,,0,,312,GcUt0G8rTN,RO12,SEuy,taul,1K8T,wOc1,RZHR5DT,S85uPSDwkC,5RaGlrk,smXZ,CtGg,9_Y1,k13i,09_Q,IYzP,me75fM6ugJ,kIsH,uKAI,Mtgm,NhsEn4L,,a2L3nDt,NGZXfGp,i05G,UYBR,FzaX,rLf8iqZ,oslk,bIUTy9x,LM8l689qOp,,kG3k,fKCe,RAYp,F2FyR07IdsN7I,am7c
-1,,,847,7,,,204,,,,128,160,,0,8,,,286.96,0,,,3632052,0,,4.542832,9,3,152,42,,4838400,0,218610,,5,,0,,365397,,,,24,56,345241.6,,515,48,,35235,-20,,,0,6427400,82226,,,2465,0,9,,0,,,10332160,,,30,,,0,,,,0,,,,0,,318,EsYrjIX0Db,2Knk1KF,SEuy,taul,1K8T,lK27,n0tQn2A,76j2P_OLn0,mqfO2zQ,smXZ,woN4,9_Y1,xQ2A,VpdQ,wMei,me75fM6ugJ,kIsH,uKAI,Mtgm,h0lfDKh52u4GP,,Woasb3x,IoI4mKe,0Mbz,cJvF,FzaX,Qui18fN,oslk,ep2j7qz,LM8l689qOp,,xG3x,5Acm,RAYp,55YFVY9,am7c
-1,,,1470,14,,,880,,,,128,160,,0,0,,,256.88,0,,,9849600,0,,2.442427,36,9,84,133,,2168,0,85881.3,,45,,0,,352368,,,,32,8,90504,,490,114,,21132,,,,0,1267555,0,,,680,0,9,,0,,,10545120,,,6,,,0,,,,0,,,,0,,294,qXhvyxLp3Z,RO12,SEuy,taul,1K8T,GYbZ,ka_ns41,LJsg,usl9kvZ,smXZ,lVrQ,9_Y1,FbIm,VpdQ,Tkho,me75fM6ugJ,kIsH,uKAI,L84s,NhsEn4L,,xAOGtLh,kq0aHkC,fpbg,UYBR,FzaX,1YVfGrO,oslk,fXVEsaq,LM8l689qOp,,kG3k,xb3V,RAYp,F2FyR07IdsN7I,mj86
-1,,,1750,7,,,104,,,,292,365,,6,96,,,125.44,0,,,0,0,4683.44,6.517624,9,3,36,56,,77320,0,892.686,,0,,4,,18,,,,24,80,12658.72,,1185,0,,405,,,,0,125990,8234,,,65,0,0,,1750,,,157432,,,98,,,2268,,,,0,,,,0,,438,oUPBcmzkzH,RO12,,taul,1K8T,lK27,Nxdw8DQ,8xqsKsAwUv,,,RQqj,9_Y1,yrDU,09_Q,IYzP,me75fM6ugJ,kIsH,uKAI,L84s,NhsEn4L,,,mAjR0Ac,V9mM,cJvF,FzaX,bDIfGrO,oslk,s4wQZmh,LM8l689qOp,,,Qcbd,RAYp,F2FyR07IdsN7I,
-1,,,532,0,,,0,,,,244,305,,6,64,,,253.52,0,,,5625126,0,,6.370434,9,3,18,0,,1729248,0,91032,,35,,8,,71310,,,,48,32,165690,,1115,114,,0,4,,,0,3784320,273664,,,0,0,9,,1499365,,,10708960,,,38,,,1531338,,,,0,,,,0,,,yaKt0Go8Lb,RO12,,taul,1K8T,G6s_,vL0nV76,SpValTYjm4,,,0V3_,9_Y1,MGOA,VpdQ,zm5i,me75fM6ugJ,kIsH,uKAI,L84s,NhsEn4L,,,NGZxnJM,95kU,UYBR,FzaX,TPHfrxM,oslk,D7cED8N,LM8l689qOp,,,Qu4f,RAYp,F2FyR07IdsN7I,
-1,,,2814,7,,,4172,,,,236,295,,2,96,,,286.96,0,,,5467920,0,,5.578936,18,3,132,175,,1604048,0,73201.5,,20,,8,,3570,,,,56,40,127152.4,,2845,96,,5148,,,,0,2888500,951784,,,2835,0,45,,190694,,,10586600,,,36,,,1718652,,,,0,,,,0,,216,vAsTmBfHUn,2Knk1KF,SEuy,taul,1K8T,487l,gNIgCYR,zhvSTtf,INoUBnU,smXZ,9Asf,9_Y1,4N0K,VpdQ,hAFG,me75fM6ugJ,kIsH,uKAI,L84s,XfqtO3UdzaXh_,,hq7NuBd,XTb4AFX,xPUp,UYBR,AU8_WTd,aD1vOIl,oslk,NnYzgmc,jySVZNlOJy,,kG3k,Qu4f,RAYp,55YFVY9,am7c
-1,,,210,7,,,4,,,,4,5,,0,0,,,166.56,0,,,0,0,,2.733604,9,,64,0,,0,0,14202.06,,0,,0,,,,,,0,0,-2526.716,,85,0,,45279,4,,,0,10500,0,,,20,0,0,,0,,,8400,,,2,,,0,,,,0,,,,0,,360,a4vPe2fHUn,RO12,SEuy,taul,1K8T,lK27,rXH4Eny,ElQylxy,tOic_sM,smXZ,T5aZ,9_Y1,mTeA,09_Q,IYzP,me75fM6ugJ,kIsH,uKAI,L84s,NhsEn4L,,oHxb0QY,mAjbk_S,YS4i,UYBR,FzaX,MgW0FxM,oslk,yktAIRG,LM8l689qOp,,kG3k,FSa2,RAYp,F2FyR07IdsN7I,am7c
-1,,,763,7,,,0,,,,136,170,,0,24,,,220.08,15,,,1612092,0,,1.823542,9,,60,0,,4723264,0,197769.3,,15,,0,,,,,,32,56,-44806.4,,545,24,,2907,,,,24,6732350,223728,,,20,0,0,,0,,,10164360,,,34,,,0,,,,0,,,,0,,,zKnr4RXktW,RO12,SEuy,taul,1K8T,487l,af1vEdV,1lFJzqR,YLfkbwL,smXZ,MoCD,9_Y1,Cgc3,VpdQ,sYC_,me75fM6ugJ,kIsH,uKAI,L84s,NhsEn4L,,qwTUbhY,kZJXxsX,,,FzaX,b0vOZ4E,oslk,1gu2qo0,M_8D,,kG3k,Xa3G,RAYp,F2FyR07IdsN7I,mj86
-1,,,3948,7,,,160,,,,464,580,,20,224,,,133.12,0,,,10740,0,,6.776544,9,,128,217,,923952,0,8298.811,,5,,34,,,,,,208,288,126146.4,,1625,30,,3708,34,,,0,225260,144820,,,210,0,9,,252651,,,1229620,,,58,,,434340,,,,0,,,,0,,,75lTmBtFkL,2Knk1KF,,taul,1K8T,AnrR,fhk21Ss,UOBQCC5qQlVB7,119cqBA,,f4DE,9_Y1,c2JP,VpdQ,wMei,7M47J5GA0pTYIFxg5uy,kIsH,uKAI,L84s,E1aAZ0x7vd,,Hvocgsb,CWNBi3w,d76e,cJvF,FzaX,4UxGlow,QKW8DRm,catzS2D,LM8l689qOp,,ELof,rgKb,ZI9m,ib5G6X1eUxUn6,
-1,,,1785,7,,,3748,,,,308,385,,14,152,,,133.12,0,,,960,0,,5.246742,36,,226,161,,870008,0,20612.52,,0,,36,,,,,,112,136,10789.56,,1275,6,,101889,-30,,,0,423500,457380,,,400,0,27,,366758,,,2008864,,,44,,,479490,,,,0,,,,0,,,_v2vyx7IEC,2Knk1KF,SEuy,taul,1K8T,7wJ6,fhk21Ss,P9HTde2,K8yGxY6,smXZ,9s6t,9_Y1,YGOC,VpdQ,y6dw,7M47J5GA0pTYIFxg5uy,kIsH,uKAI,L84s,_5OXC8MSLt,,tkCV6P8,y5FwXXp,5mfi,UYBR,FzaX,4UxGlow,oslk,catzS2D,LM8l689qOp,,kG3k,szEZ,ZI9m,VjDE,am7c
-1,,,3423,7,,,64,,,,248,310,,2,232,,,200,0,,,181758,0,,2.292245,9,,124,0,,326992,0,7777.32,,50,,12,,,,,,72,32,-24990.56,,1145,36,,747,,,,0,67410,230080,,,20,0,9,,101430,,,1010616,,,14,,,63012,,,,0,,,,0,,,mzKvyx8zhV,2Knk1KF,SEuy,taul,1K8T,TIPl,PHNvXy8,BBhiudN5VwCx3,z01bQcL,smXZ,D6lg,9_Y1,MBhA,VpdQ,69fI,NKv3VA1BpP,kIsH,uKAI,L84s,Ie_5MZs,,2N3VXAP,beKrZ3Z,5smi,UYBR,FzaX,UF16siJ,zCkv,APgdzOv,LM8l689qOp,,kG3k,WqMG,6fzt,Zy3gnGM,am7c
-1,,,,,,,,,,,,,,,,,,,,63644,,,,,0.7400128,,,6,,15,,,,,,332,,,,,,,,,723464,,,,,,-30,,,,,,,,,,,,,,,,,,,,777600,,,,,,,,,,,438,Qu0qrQKzJV,RO12,,taul,1K8T,kNzO,4e311pK,_H1t9Tlb7R,,,QvGF,9_Y1,15m3,09_Q,,me75fM6ugJ,kIsH,uKAI,Mtgm,NhsEn4L,,,kZJyVg2,crnc,cJvF,,kC8vOIl,oslk,OjiRt72,,4n2X,,FSa2,RAYp,F2FyR07IdsN7I,
-1,,,791,7,,,388,,,,192,240,,4,96,,,265.04,0,,,3310170,0,,5.071993,9,,88,441,,1603912,0,123060.9,,25,,10,,,,,,40,40,254301.6,,605,48,,11061,-22,,,0,1715375,1792134,,,270,0,27,,1108870,,,10113560,,,26,,,1723536,,,,0,,,,0,,,a4v9tYsGvO,RO12,SEuy,taul,1K8T,Y2P0,7kAl2XU,glRBFJT8NN,UTm7kJy,smXZ,uGJd,9_Y1,YULl,VpdQ,sYC_,me75fM6ugJ,kIsH,uKAI,Mtgm,NhsEn4L,,fdtG6LM,beK4AFX,Ri0b,UYBR,FzaX,7CPRCiV,oslk,CTlKvPi,jySVZNlOJy,,kG3k,FSa2,RAYp,F2FyR07IdsN7I,am7c
-1,0,,,,,,,0,0,0,,,,,,,,,,,0,,,,0.167272,,,8,,,,,,3,,,,0,,0,,0,,,-2275892,0,,,0,,-16,0,0,,,,208.74,0,,,,0,,0,12,,0,,,9,,,0,,0,,0,0,,,0,,DHevyx7IEC,RO12,,taul,1K8T,hM6W,86dToXU,0ZlStaN,,,WfCO,9_Y1,RcM7,VpdQ,,me75fM6ugJ,kIsH,uKAI,Mtgm,NhsEn4L,,,7WwCtIM,cQt1,cJvF,FzaX,QMaRwBA,oslk,0D0gQ7h,LM8l689qOp,,,szEZ,RAYp,F2FyR07IdsN7I,
-1,,,819,14,,,5688,,,,180,225,,8,24,,,407.36,0,,,8146320,0,,3.071779,18,6,58,14,,1458160,3,200558.7,,30,,14,,68160,,,,72,48,531496,,620,102,,97866,,,,8,2214495,483786,,,4175,0,9,,129640,,,10633880,,,12,,,40644,,,,0,,,,0,,180,hSovyx7IEC,RO12,,taul,1K8T,7M9D,9GJGgoz,d4Gf64d6X6,,,S67e,9_Y1,f4dr,sJzTlal,sYC_,Kxdu,kIsH,uKAI,L84s,FMSzZ91zL2,,,TDcEYQ6,V7pO,cJvF,FzaX,Tvpip6Z,zCkv,hHJsvbM,jySVZNlOJy,,,szEZ,6fzt,SbOd7O8ky1wGNxp0Arj0Xs,am7c
-1,,107225,,,,,,,,,,,5,,,0,0,,,,,,,,1.330058,,,10,,,,,,,,,,,,,,,,,-735160,,,,,,4,,,,,,,,,,,,,,,,,,,,,,,,,,,,,,,,8I1r4RXXnK,RO12,,taul,1K8T,JLbT,92zmJ1u,J3fgbi2,,,uiB6,9_Y1,TFSW,VpdQ,,DHn_WUyBhW_whjA88g9bvA64_,kIsH,uKAI,L84s,CrNX,KdSa,,y5FewfI,LeAE,cJvF,FzaX,x6SiFZ_,d0EEeJi,I6H64xm,LM8l689qOp,,,Xa3G,02N6s8f,F2FyR07IdsN7I,
-1,,,868,7,,,0,,,,128,160,,0,40,,,186.64,0,,,3191958,0,,1.470626,9,,34,0,,3456000,0,153960.9,,10,,4,,,,,,32,40,926436,,550,42,,3528,-30,,,0,4488465,753018,,,80,0,27,,0,,,10335200,,,22,,,1036800,,,,0,,,,0,,,N_vrjIXt5a,RO12,,taul,1K8T,ZHNR,n0tQn2A,GHfL3MpXAX,,,77t0,9_Y1,xQ2A,VpdQ,IYzP,me75fM6ugJ,kIsH,uKAI,L84s,NhsEn4L,,,mAjAVZm,6KXv,cJvF,FzaX,Qui18fN,oslk,ep2j7qz,jySVZNlOJy,,,5Acm,RAYp,F2FyR07IdsN7I,
-1,,,994,7,,,2096,,,,180,225,,0,160,,,253.52,0,,,1363104,0,,1.203803,9,3,90,434,,3159584,0,187515.9,,10,,8,,1344,,,,40,40,68819.6,,610,24,,109980,34,,,0,3415670,1651746,,,15220,0,27,,0,,,10211440,,,20,,,2073600,,,,0,,,,0,,336,4e7gUH7IEC,RO12,,taul,1K8T,vSNn,iJzviRg,V_K7mWX,8VGmEjx,,qC5s,9_Y1,1Bp0,VpdQ,giwq,7M47J5GA0pTYIFxg5uy,kIsH,uKAI,L84s,4kVnq_T26xq1p,,0wjQGUU,uZLuDix,ZMnj,cJvF,FzaX,ch2oGfM,zCkv,P6pu4Vl,jySVZNlOJy,,ELof,WqMG,ZI9m,R4y5gQQWY8OodqDV,mj86
-1,,,896,7,,,1456,,,,124,155,,0,0,,,220.08,0,,,10368000,0,,0.4535356,9,,48,14,,0,0,192642.6,,45,,0,,,,,,32,0,321746.4,,515,120,,14355,,,,0,556125,0,,,930,0,0,,0,,,10467320,,,4,,,0,,,,0,,,,0,,,DHeq9ayfAo,RO12,SEuy,taul,1K8T,0Xwj,JZmRiq8,Hz673939hSRjL,mr5_dBV,smXZ,Yj5Y,F3hy,kJJ7,VpdQ,IYzP,me75fM6ugJ,kIsH,uKAI,L84s,NhsEn4L,,qwX8Pcy,kZJtVhC,He4R,UYBR,FzaX,tS19OJS,oslk,unpQ3DB,M_8D,,kG3k,7P5s,RAYp,F2FyR07IdsN7I,mj86
-1,,,868,7,,,388,,,,52,65,,0,16,,,166.56,0,,,48420,0,,6.419141,9,3,100,98,,43032,0,5448.96,,0,,0,,93816,,,,0,24,-15751,,395,12,,38727,,,,0,190940,15954,,,3200,0,18,,0,,,238456,,,12,,,0,,,,0,,,,0,,,NESWq69R_D,RO12,SEuy,taul,1K8T,4fje,iJzviRg,qj0X1JD6U2VDfcVe,GQFmkSe,smXZ,JqwB,9_Y1,mTeA,09_Q,wMei,7M47J5GA0pTYIFxg5uy,kIsH,uKAI,L84s,4kVnq_T26xq1p,,zRuHE8A,kq0pfxt,VqrQ,UYBR,FzaX,ch2oGfM,zCkv,P6pu4Vl,LM8l689qOp,,kG3k,FSa2,ZI9m,R4y5gQQWY8OodqDV,am7c
-1,,,1610,21,,,884,,,,896,1120,,0,16,,,186.64,0,,,6042180,0,,5.892758,36,9,44,28,,1483736,6,81451.5,,15,,2,,73029,,,,0,8,323614.4,,1330,84,,14886,,,,16,4103620,162050,,,2550,0,9,,0,,,9897280,,,406,,,129636,,,,0,,,,0,,330,8I1q9ayE15,RO12,,taul,1K8T,hAOr,6CXYbuk,S85YZxYiez,,,LiPZ,9_Y1,F_Lu,09_Q,IYzP,Kxdu,kIsH,uKAI,L84s,9pUnzWLbztKTo,,,TDc92TK,EJJM,cJvF,FzaX,ROeipLp,zCkv,K2SqEo9,LM8l689qOp,,,TNEC,6fzt,am14IcfM7tWLrUmRT52KtA,
-1,,,546,0,,,0,,,,0,0,,,0,,,200,0,,,0,0,,1.061739,9,,32,0,,0,0,3813,,0,,0,,,,,,,0,-242163.2,,0,0,,495,6,,,0,0,0,,,0,0,0,,,,,0,,,0,,,0,,,,0,,,,0,,342,2AAWq69R_D,RO12,,taul,1K8T,ssAy,6CXYbuk,k10MzgT,,,RGeB,9_Y1,Px52,VpdQ,IYzP,Kxdu,kIsH,uKAI,L84s,9pUnzWLbztKTo,,,mAjygUE,3yKX,cJvF,FzaX,ROeipLp,zCkv,K2SqEo9,LM8l689qOp,,,PM2D,6fzt,am14IcfM7tWLrUmRT52KtA,
-1,,,210,0,,,0,,,,224,280,,16,72,,,257.04,20,,,5467038,0,,4.754112,18,6,28,0,,233160,0,162357.6,,30,,4,,3306,,,,88,96,-14256.72,,455,72,,0,-26,,,32,2917415,298534,,,0,0,0,,6013,,,9207560,,,30,,,950412,,,,0,,,,0,,,dRaTmBfHUn,RO12,,taul,1K8T,0Xwj,Wtcc5gJ,NFlfMbKIm3,,,Xzu7,HLqf,4N0K,09_Q,IYzP,me75fM6ugJ,sBgB,uKAI,L84s,NhsEn4L,,,mAja5EA,SGLE,cJvF,FzaX,_McRoKG,oslk,pWu6FsY,LM8l689qOp,,,Qu4f,RAYp,F2FyR07IdsN7I,
-1,,,4704,14,,,212,,,,160,200,,2,0,,,257.76,5,,,10151220,0,,4.407819,18,3,88,84,,303384,0,34491.9,,45,,6,,77574,,,,64,56,350274,,550,120,,121662,-24,,,8,32290,0,,,1610,0,9,,47579,,,10093440,,,2,,,59712,,,,0,,,,0,,324,8Fdr4RXXnK,RO12,,taul,1K8T,487l,af1vEdV,ffogcJ3TqhNhV,78AGU29,,8lFO,9_Y1,Cgc3,09_Q,Tkho,me75fM6ugJ,kIsH,uKAI,Mtgm,NhsEn4L,,L8JLDAc,kq0aHkC,1brZ,cJvF,FzaX,b0vOZ4E,oslk,1gu2qo0,LM8l689qOp,,ELof,Xa3G,RAYp,F2FyR07IdsN7I,am7c
-1,,,273,0,,,0,,,,148,185,,0,120,,,229.92,0,,,0,0,,2.195685,9,3,28,0,,8128,0,4539.45,,5,,4,,2907,,,,16,16,-31844.72,,385,0,,0,-26,,,0,94335,16876,,,0,0,0,,0,,,465560,,,34,,,10014,,,,0,,,,0,,,zKnr4RXktW,RO12,,taul,1K8T,OTVu,XX34iqB,Hz673939hbJdw,,,YUbd,9_Y1,Albh,VpdQ,IYzP,me75fM6ugJ,kIsH,uKAI,L84s,NhsEn4L,,,mAjbk_S,lCUE,cJvF,FzaX,nf9OhQy,oslk,P6mQZmh,LM8l689qOp,,,Xa3G,RAYp,F2FyR07IdsN7I,
-1,,,924,7,,,80,,,,108,135,,4,16,,,265.6,0,,,1489722,0,106626.4,0.54326,9,,42,0,,6675248,6,181287.9,,0,,0,,,,,,32,56,-9072.44,,435,24,,1251,-22,,,24,5502300,528762,,,935,0,9,,1209600,,,9790120,,,28,,,0,,,,0,,,,7,,318,JMGq9aXt5a,RO12,,taul,1K8T,TLkP,0nY9OFL,rvXE5Xj,,,BVHy,9_Y1,Y9Bl,VpdQ,zm5i,me75fM6ugJ,kIsH,uKAI,Mtgm,NhsEn4L,,,mAjbk_S,tj_k,cJvF,,25cNqhB,oslk,mErwEWL,,,,uWr3,RAYp,F2FyR07IdsN7I,
-1,,,854,7,,,120,,,,132,165,,0,40,,,286.96,0,,,4752084,0,7087.76,1.263619,9,3,64,14,,3057912,3,194089.5,,10,,4,,9837,,,,32,40,233151.6,,540,60,,63207,40,,,8,3568475,780796,,,1290,0,0,,0,,,10380600,,,18,,,950412,,,,0,,,,0,,,1PnOj1KVEH,RO12,,taul,1K8T,0Y9G,kJ14Htb,Tg7jjBB,ZzPFpO4,,cFE6,9_Y1,jdbz,VpdQ,IYzP,me75fM6ugJ,kIsH,uKAI,L84s,NhsEn4L,,gLF9OhQ,mAjbk_S,7tN4,cJvF,FzaX,WTK88FJ,oslk,YKu7j0h,LM8l689qOp,,ELof,kwS7,RAYp,F2FyR07IdsN7I,mj86
-1,,,469,0,,,0,,,,160,200,,0,32,,,257.6,0,,,4722726,0,,4.877804,9,3,24,0,,2074888,0,199090.5,,35,,6,,11700,,,,48,32,387300,,590,60,,0,4,,,0,3341340,523878,,,0,0,9,,0,,,10336320,,,24,,,551988,,,,0,,,,0,,234,v0Nt0Go8Lb,RO12,,taul,1K8T,ffXs,pro8v8X,k10MzgT,,,lbG6,9_Y1,rGJy,VpdQ,IYzP,me75fM6ugJ,kIsH,uKAI,L84s,NhsEn4L,,,NGZxnJM,b0dp,UYBR,OFWH,meWVy8V,oslk,DQ3u3MC,LM8l689qOp,,,Qu4f,RAYp,F2FyR07IdsN7I,
-1,,,819,7,,,4596,,,,28,35,,0,8,,,268.72,0,,,3166080,0,,6.476608,9,,156,126,,2008192,0,198899.7,,5,,0,,,,,,16,8,-163846.8,,365,12,,53226,20,,,0,4859530,12840,,,5,0,18,,0,,,7492280,,,4,,,0,,,,0,,,,0,,,8I1r4RXXnK,2Knk1KF,,taul,1K8T,1TqK,ojHnF0C,yiXKNUCbD1,,,hK9K,9_Y1,Zazx,VpdQ,6JmL,me75fM6ugJ,kIsH,uKAI,L84s,XfqtO3UdzaXh_,,,XTbPUYD,wH2R,cJvF,FzaX,KhlYWu3,oslk,83UEsaq,LM8l689qOp,,,Xa3G,RAYp,TCU50_Yjmm6GIBZ0lL_,am7c
-1,,0,,,,,,,,,,,0,,,0,0,,,,,,,,2.291604,,,10,,,,,,,,,,,,,,,,,-617020,,,,,,,,,,,,,,,,,,,,,,,,,,,,,,,,,,,,,,1YVgUHXZeb,RO12,,taul,1K8T,7ALb,My6jZUX,AnFl2Mwxzd,,,ju2g,9_Y1,LqKm,VpdQ,,DHn_WUyBhW_whjA88g9bvA64_,kIsH,uKAI,L84s,CrNX,KdSa,,uZLj9VB,0k9m,cJvF,FzaX,lK7idD8,d0EEeJi,uYhbyK7,LM8l689qOp,,,453m,02N6s8f,F2FyR07IdsN7I,
-1,,,1218,7,,,684,,,,180,225,,4,72,,,357.36,0,,,4277016,0,,1.074557,9,3,36,56,,117528,0,125794.8,,20,,8,,36792,,,,40,40,174617.6,,895,54,,108900,,,,0,2963100,1276474,,,390,0,9,,555541,,,9734760,,,28,,,985668,,,,0,,,,0,,,9hRmfo875g,AERks4l,,taul,1K8T,LloI,kO1abdC,WICZqsx,,,1RFo,9_Y1,Ew1Q,VpdQ,43pnToF,GjJ35utlTa_GNSvxxpb9ju,kIsH,7A3j,L84s,JBfYVit4g8,,,TDctq2l,Ia5k,cJvF,FzaX,Qkc_DXg,Al6ZaUT,CqZ4IB0,LM8l689qOp,,,wX53,02N6s8f,xwM2aC7IdeMC0,
-1,,,21,0,,,0,,,,76,95,,0,48,,,336.56,0,,,6747600,0,,6.484939,9,3,14,0,,976208,0,335673,,5,,0,,17040,,,,8,16,-225552,,95,24,,0,4,,,0,1777305,580466,,,0,0,0,,0,,,8503720,,,12,,,0,,,,0,,,,0,,336,1GdOj17ejg,RO12,,taul,1K8T,aD1X,bbm5wbm,0IWZqtp,,,bGT1,9_Y1,eQTr,VpdQ,IYzP,me75fM6ugJ,kIsH,uKAI,L84s,NhsEn4L,,,mAja5EA,LPkQ,cJvF,FzaX,1hf8iqZ,oslk,fV_z4Af,LM8l689qOp,,,7aLG,RAYp,F2FyR07IdsN7I,
-1,,,700,7,,,756,,,,20,25,,2,8,,,186.64,0,,,0,0,,2.613117,9,,72,0,,4634472,0,220503.9,,0,,6,,,,,,8,8,64339.2,,320,0,,14625,8,,,0,0,149050,,,70,0,27,,4055163,,,9872920,,,0,,,10886400,,,,0,,,,0,,204,8Iqt0G8rTN,RO12,,ev6I,1K8T,0LaQ,FJDupBg,SpVIgJCetQ,IpiK73X,,7l7v,9_Y1,k13i,VpdQ,wMei,7M47J5GA0pTYIFxg5uy,kIsH,uKAI,L84s,E1aAZ0x7vd,,ig1UFCy,beKMbmK,CzJn,cJvF,FzaX,OYHoGfM,QKW8DRm,RlTh9x_,LM8l689qOp,,ELof,fKCe,vJ_w8kB,WfJYmPMksSqa1pajvfG,
-1,,,798,7,,,64,,,,176,220,,0,48,,,233.44,0,,,9067800,0,,1.994659,9,3,34,0,,1374192,0,178514.1,,35,,4,,816,,,,32,16,47618,,585,132,,171,-20,,,0,1730830,172870,,,675,0,0,,0,,,10547520,,,10,,,41106,,,,0,,,,0,,318,dRagUHXM47,RO12,,taul,1K8T,pE9z,Ml6kiFp,ilrY4YM,,,qZIR,9_Y1,8BBI,sJzTlal,IYzP,me75fM6ugJ,kIsH,uKAI,Mtgm,NhsEn4L,,,NGZXfGp,Tf8K,cJvF,FzaX,k5O88FJ,oslk,QkgQQMs,LM8l689qOp,,,453m,RAYp,F2FyR07IdsN7I,
-1,,,2814,21,,,568,,,,380,475,,10,120,,,233.44,0,,,4517346,0,,1.848323,45,12,120,0,,1872384,0,56428.8,,60,,14,,37032,,,,112,160,323961.6,,1760,138,,60660,,,,0,2440460,1424124,,,2655,0,18,,727629,,,10722800,,,36,,,1148592,,,,0,,,,0,,282,avkq9ayfAo,2Knk1KF,,taul,1K8T,yYar,6SycSKu,ARvzJXx,xlNBuSA,,7bQH,9_Y1,QBpP,VpdQ,lVqb,me75fM6ugJ,kIsH,uKAI,L84s,XfqtO3UdzaXh_,,xPiI_aG,11p4mKe,rB0w,cJvF,FzaX,vz9fSEp,oslk,CW6RDbC,LM8l689qOp,,ELof,7P5s,RAYp,55YFVY9,mj86
-1,,,714,7,,,4,,,,468,585,,20,576,,,200,5,,,0,0,,4.052125,18,6,34,0,,221472,0,5314.26,,0,,40,,111012,,,,96,48,-1252908,,1100,0,,6039,4,,,8,163590,209394,,,380,0,18,,111727,,,777840,,,38,,,176166,,,,0,,,,0,,264,m9SrEy7Rm6,RO12,,taul,1K8T,1TqK,abRsKl9,V6XUlxabJ4VaD,,,Ykq8,9_Y1,H9GL,VpdQ,lVqb,me75fM6ugJ,kIsH,uKAI,L84s,XfqtO3UdzaXh_,,,11p4mKe,TIYz,cJvF,FzaX,mXL6hzI,oslk,BT6Rt2K,LM8l689qOp,,,Aoh3,RAYp,F2FyR07IdsN7I,
-1,,,735,7,,,644,,,,136,170,,0,0,,,186.64,0,,,7266480,0,,1.113865,18,6,136,0,,2072720,0,226372.5,,25,,0,,16557,,,,32,32,128807.6,,510,96,,17820,20,,,0,3888000,0,,,100,0,27,,0,,,10719080,,,18,,,0,,,,0,,,,0,,168,EsYrjIX0Db,2Knk1KF,SEuy,taul,1K8T,487l,n0tQn2A,V_KR_LD,qFAtlU5,smXZ,woN4,9_Y1,xQ2A,VpdQ,haYg,me75fM6ugJ,kIsH,uKAI,L84s,XfqtO3UdzaXh_,,PbqXi5S,OFqmdNV,0Mbz,cJvF,FzaX,Qui18fN,oslk,ep2j7qz,LM8l689qOp,,kG3k,5Acm,RAYp,55YFVY9,mj86
-1,,,1064,7,,,148,,,,124,155,,0,8,,,286.96,0,,,2073600,0,,5.609272,9,,32,35,,2666216,0,128806.2,,25,,2,,,,,,48,40,-251518.4,,430,24,,4104,-30,,,0,6096300,101254,,,3690,0,18,,0,,,9502320,,,30,,,263634,,,,0,,,,0,,,8I1q9ayE15,RO12,,taul,1K8T,42Cy,l1Yysxi,ARvzJXx,,,gsgF,9_Y1,pQsY,VpdQ,IYzP,me75fM6ugJ,kIsH,uKAI,L84s,NhsEn4L,,,kZJtVhC,Arqz,cJvF,,0MQoGGc,oslk,xNaD3Yd,,,,TNEC,RAYp,F2FyR07IdsN7I,
-1,,,378,0,,,0,,,,0,0,,,0,,,286.96,0,,,0,0,,6.390728,9,,66,0,,0,0,23439.21,,0,,0,,,,,,,0,-358170.8,,335,0,,180,4,,,0,0,0,,,0,0,18,,,,,0,,,0,,,0,,,,0,,,,0,,282,crIt0Go8Lb,eSGpMwS8zSGgq_trOpckZ5,,taul,1K8T,ssAy,NldASpP,Vzaj8__LW4,gWmQAIU,,fzgZ,9_Y1,MGOA,VpdQ,itlM,DHn_WUyBhW_whjA88g9bvA64_,kIsH,uKAI,L84s,UbxQ8lZ,,PRPdOk4,ORMRote,HSw8,cJvF,FzaX,JFM1BiF,Al6ZaUT,NKv4yOc,LM8l689qOp,,ELof,Qu4f,02N6s8f,R4y5gQQWY8OodqDV,am7c
-1,,,3143,7,,,376,,,,368,460,,6,32,,,166.56,0,,,12360,0,,1.121342,36,3,170,0,,400216,0,3922.5,,0,,4,,28101,,,,72,208,5465.84,,1350,12,,21744,4,,,0,558755,15676,,,1350,0,36,,123319,,,697588,,,116,,,16326,,,,0,,,,0,,,UCDvyx8zhV,2Knk1KF,,taul,1K8T,72yt,3d6d0DS,YmZmFZu,bqDmn_Z,,t1fD,9_Y1,QMes,VpdQ,kxE9,me75fM6ugJ,kIsH,uKAI,L84s,XfqtO3UdzaXh_,,0qxNvnB,XTbPUYD,EGQ4,cJvF,AU8pNoi,T6wOhQy,oslk,c78T3Cb,LM8l689qOp,,ELof,WqMG,RAYp,TCU50_Yjmm6GIBZ0lL_,mj86
-1,,,2541,7,,,2136,,,,524,655,,14,288,,,200,0,,,116310,0,,2.897244,9,,88,84,,806480,0,12560.25,,30,,40,,,,,,136,128,-131822.8,,1685,60,,20682,,,,0,652945,220474,,,4900,0,18,,144193,,,1873288,,,86,,,502416,,,,0,,,,0,,,mzKvyx8zhV,RO12,SEuy,taul,1K8T,JLbT,au1viRg,Hz673939hbJdw,nbTHyEk,smXZ,mW3T,9_Y1,MBhA,VpdQ,Tkho,me75fM6ugJ,kIsH,uKAI,L84s,NhsEn4L,,9LcLLR5,beK4AFX,BdeV,UYBR,FzaX,iEXOjel,oslk,PgO2Oqu,jySVZNlOJy,,kG3k,WqMG,RAYp,F2FyR07IdsN7I,mj86
-1,,,385,0,,,0,,,,268,335,,4,16,,,264.64,5,,,1384848,0,,5.243324,9,3,12,0,,836736,0,41549.1,,45,,62,,120102,,,,88,120,-582668,,335,18,,0,4,,,16,2061225,32844,,,0,0,0,,910875,,,3711720,,,14,,,552504,,,,0,,,,7,,192,m9SrEy7Rm6,RO12,,taul,1K8T,nQZ6,VjLN8e1,itSGh3t,,,3Q0L,9_Y1,H9GL,VpdQ,IYzP,me75fM6ugJ,kIsH,uKAI,L84s,NhsEn4L,,,kZJtVhC,fDPA,UYBR,FzaX,ZN3fSEp,oslk,DrA79_c,LM8l689qOp,,,Aoh3,RAYp,F2FyR07IdsN7I,
1,,,980,7,,,1820,,,,140,175,,2,40,,,286.96,0,,,1129986,0,,1.696005,9,3,54,0,,2764800,0,178758,,25,,6,,0,,,,40,32,79450.4,,525,18,,119403,30,,,0,5803250,864000,,,220,0,9,,604800,,,10289120,,,30,,,1096218,,,,0,,,,0,,,TfiWq69R_D,RO12,SEuy,taul,1K8T,487l,jfPn1fB,FoJylxy,vYN41cd,smXZ,xklU,9_Y1,RVjC,VpdQ,Tkho,me75fM6ugJ,kIsH,uKAI,L84s,NhsEn4L,,SAb3zp7,kq0n8Bj,H3p7,UYBR,FzaX,WPf93Yc,oslk,853aRTx,LM8l689qOp,,kG3k,FSa2,RAYp,F2FyR07IdsN7I,am7c
-1,,,763,7,,,100,,,,212,265,,0,120,,,200,0,,,279312,0,,4.145054,9,3,80,35,,7544,0,13611.63,,10,,6,,77682,,,,8,8,54390,,575,48,,17712,-30,,,0,338450,254914,,,1260,0,9,,0,,,1054268,,,48,,,82746,,,,0,,,,0,,,m9SvyxLkBI,RO12,SEuy,taul,z3mO,TyGl,VWnXzAw,nRUQHR_cJj,TENoR3v,smXZ,ZTrH,9_Y1,_r21,VpdQ,lVqb,me75fM6ugJ,kIsH,uKAI,L84s,XfqtO3UdzaXh_,,Hh31ZMv,11p4mKe,7Mgp,cJvF,FzaX,2WbYjZW,oslk,p2sz20V,LM8l689qOp,,kG3k,xb3V,RAYp,F2FyR07IdsN7I,am7c
-1,,,3556,7,,,188,,,,964,1205,,18,824,,,220.08,0,,,3703770,0,,2.227088,9,3,34,84,,3791264,0,34122.6,,30,,80,,15882,,,,120,120,106522.8,,3380,240,,26325,,,,0,5354050,314828,,,3580,0,18,,20720,,,10631880,,,74,,,247740,,,,0,,,,0,,210,2jigUH7ejg,RO12,,taul,1K8T,JLbT,EnSNXZR,V4EEkD4AAZ,,,M3EA,9_Y1,m_h1,09_Q,IYzP,me75fM6ugJ,kIsH,uKAI,L84s,NhsEn4L,,,kZJtVhC,pqIQ,UYBR,FzaX,KnzzTww,oslk,EbgaySi,LM8l689qOp,,,WqMG,RAYp,F2FyR07IdsN7I,
-1,,,1148,14,,,600,,,,228,285,,2,40,,,240.56,0,,,4355994,0,,0.2988678,18,6,86,21,,2119584,0,80075.7,,25,,4,,156987,,,,40,40,-241398,,950,78,,49230,,,,0,2246525,200410,,,1595,0,18,,33726,,,7378080,,,54,,,245262,,,,0,,,,0,,228,86ct0Gdncc,RO12,,taul,1K8T,19FS,SY4EQZQ,_03xtaMIkZsn1,NdsSDm8,,WOzZ,9_Y1,cyKH,VpdQ,lVqb,me75fM6ugJ,kIsH,g5HH,L84s,XfqtO3UdzaXh_,,FhzFJCi,XTbPUYD,UFjB,cJvF,FzaX,vU6NT4W,oslk,Oh06Kfh,LM8l689qOp,,,me1d,RAYp,F2FyR07IdsN7I,am7c
-1,,3080,,,,,,,,,,,0,,,3,0,,,,,,,,1.211921,,,10,,,,,,,,,,,,,,,,,-1497760,,,,,,4,,,,,,,,,,,,,,,,,,,,,,,,,,,,,,,,zcROj17IEC,RO12,,taul,1K8T,7M9D,nmm4k19,C_u8_AlBK7,,,EpS5,9_Y1,eQTr,,,DHn_WUyBhW_whjA88g9bvA64_,kIsH,uKAI,L84s,CrNX,KdSa,,NGZ_12K,14Od,cJvF,FzaX,uUYunG_,d0EEeJi,ZpR4e0W,LM8l689qOp,,,7aLG,02N6s8f,F2FyR07IdsN7I,
-1,,,875,7,,,4,,,,120,150,,2,40,,,286.96,0,,,3847572,0,,4.551805,9,,62,0,,2534464,0,143472.3,,5,,4,,,,,,32,32,-23370.72,,685,54,,7335,-20,,,0,3564090,792020,,,195,0,0,,554414,,,9218000,,,18,,,950424,,,,0,,,,0,,360,HrWq9aXt5a,RO12,SEuy,taul,1K8T,0Xwj,gRirkF8,_03xtaMIkk68B,RqMF6zH,smXZ,x3o3,HLqf,Y9Bl,VpdQ,IYzP,me75fM6ugJ,sBgB,uKAI,Mtgm,NhsEn4L,,gPpOR4F,NGZXfGp,604y,UYBR,FzaX,vcuv48t,oslk,OTXAgOW,LM8l689qOp,,kG3k,uWr3,RAYp,F2FyR07IdsN7I,am7c
-1,,,2373,21,,,336,,,,420,525,,12,304,,,176.56,0,,,2286,0,,2.999573,36,9,72,14,,443928,0,7306.68,,0,,32,,194859,,,,120,192,34877.84,,1525,12,,30384,4,,,0,226515,233038,,,830,0,18,,397453,,,1054712,,,50,,,275904,,,,0,,,,0,,,lAFr4RQZiT,RO12,SEuy,taul,1K8T,JLbT,aWx9MxI,xNBpFd_xeN,6JpU1Wl,smXZ,eJPt,9_Y1,z5Ry,sJzTlal,43pnToF,6C53VA1kCv,kIsH,uKAI,L84s,fSKKIQdIPDXgw,,lci1LSr,kZJUo2m,lSf_,UYBR,FzaX,EFki84d,zCkv,T5HWwhx,LM8l689qOp,,kG3k,FSa2,6fzt,xwM2aC7IdeMC0,
-1,,,630,7,,,1092,,,,156,195,,2,72,,,286.96,15,,,4252770,0,,2.133946,9,3,136,903,,122136,0,185193,,25,,6,,125592,,,,40,16,325143.6,,490,72,,16461,10,,,24,2711775,1378870,,,1490,0,27,,46935,,,10426880,,,16,,,1555200,,,,0,,,,0,,,Foxt0Go8Lb,rEUOq2QD1qfkRr6qpua,SEuy,taul,1K8T,lK27,fhk21Ss,QMx9sNd,JVHH82p,smXZ,_zcQ,9_Y1,rGJy,09_Q,haYg,7M47J5GA0pTYIFxg5uy,kIsH,7A3j,L84s,WsRVNrF85oPU_,,6HALtdA,_JdjUtW,PmU4,UYBR,FzaX,4UxGlow,zCkv,catzS2D,LM8l689qOp,,kG3k,Qu4f,ZI9m,ib5G6X1eUxUn6,am7c
-1,,,182,0,,,0,,,,96,120,,2,56,,,288.48,0,,,2190624,0,,4.544755,9,,16,0,,6535984,0,204562.5,,5,,0,,,,,,24,56,148292.8,,370,18,,0,4,,,0,1405720,1186880,,,0,0,0,,1251166,,,10543480,,,12,,,0,,,,0,,,,0,,,hSovyx7IEC,RO12,,taul,1K8T,Bxva,ZBORawV,yiXTc3CbD1,,,dGbW,9_Y1,YGOC,VpdQ,IYzP,me75fM6ugJ,kIsH,uKAI,L84s,NhsEn4L,,,mAja5EA,RruR,UYBR,wwPEXoilkr,JO0WZR6,oslk,ZwrmOr3,LM8l689qOp,,,szEZ,RAYp,F2FyR07IdsN7I,
-1,,,861,7,,,684,,,,140,175,,4,32,,,186.64,0,,,3507174,0,,5.301432,9,3,38,28,,2764800,0,193114.2,,10,,4,,78552,,,,32,32,207546.4,,535,66,,60714,12,,,0,4943020,691200,,,3960,0,9,,1209600,,,10439720,,,24,,,1036800,,,,0,,,,0,,,m9SrEy7Rm6,RO12,,taul,1K8T,lK27,jJ_PTZq,5q1zOkL,,,Vxv3,9_Y1,X8zP,VpdQ,zm5i,DHn_WUyBhW_whjA88g9bvA64_,kIsH,uKAI,L84s,CrNX,,,mAjbq_f,YXCe,cJvF,FzaX,EMvfBbO,d0EEeJi,g57nG2q,LM8l689qOp,,,Aoh3,nIGXDli,F2FyR07IdsN7I,
1,,,2464,14,,,312,,,,424,530,,20,464,,,166.56,0,,,67422,0,,1.670156,45,3,86,7,,49824,0,7212.84,,10,,28,,18258,,,,144,40,35.71428,,1485,48,,48735,,,,0,150615,269972,,,215,0,0,,148694,,,922988,,,38,,,243936,,,,0,,,,0,,,Yn7t0Go8Lb,RO12,,taul,1K8T,g6No,lKNMukw,oQ1CKEGgV0Vbb,cN8llAc,,pOba,9_Y1,rGJy,09_Q,sYC_,me75fM6ugJ,sBgB,uKAI,L84s,NhsEn4L,,kAGNDet,kq0aHkC,U1Do,UYBR,FzaX,3vmv1FD,oslk,X7rObSS,LM8l689qOp,,ELof,Qu4f,RAYp,F2FyR07IdsN7I,mj86
-1,,0,,,,,,,,,,,0,,,0,0,,,,,,,,4.380474,,,10,,,,,,,,,,,,,,,,,338016.4,,,,,,-14,,,,,,,,,,,,,,,,,,,,,,,,,,,,,,,144,eOQgUHShse,RO12,,taul,1K8T,JLbT,kjvBmIU,NYIY8Pp,,,Mx5G,9_Y1,RVjC,sJzTlal,,me75fM6ugJ,kIsH,uKAI,Mtgm,NhsEn4L,KdSa,,7WwuNea,9haV,UYBR,,1vNmS85,oslk,MkQldxq,,,,FSa2,RAYp,F2FyR07IdsN7I,
-1,9,,,,,,,10,0,0,,,,,,,,,,,1129203,,,,6.236915,,,8,,,,,,6,,,,35,,16,0,0,,,-1787748,6562,,,0,,,0,49,,,,413,0,,,,42,,108710,18,,0,0,,0,,,0,0,193487.4,,12,0,,,902940,,a4vvyxLkBI,RO12,,taul,1K8T,0Xwj,mTdXsZV,yEFIHeU,,,MS_S,HLqf,vzJD,VpdQ,,DHn_WUyBhW_whjA88g9bvA64_,sBgB,uKAI,L84s,CrNX,,,y5FU_7t,lciu,cJvF,,8huQkmp,d0EEeJi,UzTsfxE,,,,xb3V,02N6s8f,F2FyR07IdsN7I,
-1,,88660,,,,,,,,,,,0,,,0,0,,,,,,,,6.047853,,,10,,,,,,,,,,,,,,,,,-1549116,,,,,,-14,,,,,,,,,,,,,,,,,,,,,,,,,,,,,,,,xOXrjIQq3d,RO12,,taul,1K8T,TyGl,kjvBmIU,pNAbKh0,,,P9KQ,9_Y1,RVjC,VpdQ,,me75fM6ugJ,kIsH,uKAI,Mtgm,NhsEn4L,KdSa,,kq0dQfu,4a9J,UYBR,,1vNmS85,oslk,MkQldxq,,,,FSa2,RAYp,F2FyR07IdsN7I,
-1,,,994,7,,,724,,,,220,275,,0,72,,,253.52,0,,,3455640,0,,5.748772,9,3,62,98,,703848,0,185112.3,,40,,12,,291138,,,,72,48,100056.4,,710,72,,44478,8,,,0,3664845,976922,,,2675,0,27,,0,,,10474200,,,28,,,2134740,,,,0,,,,0,,,mCGq9ayE15,RO12,,taul,1K8T,z32l,Bnu7wlP,GHfL3MpXAX,nFL2w3l,,511s,9_Y1,000J,,haYg,DHn_WUyBhW_whjA88g9bvA64_,kIsH,uKAI,L84s,CrNX,,Q3uFWZo,AuSDRR8,9Kfm,cJvF,FzaX,IhOTKvt,d0EEeJi,wWBXf37,LM8l689qOp,,ELof,7P5s,nIGXDli,F2FyR07IdsN7I,am7c
-1,,,658,7,,,2248,,,,76,95,,0,0,,,0,0,,,1835562,0,140844.8,3.085665,9,3,64,84,,2073600,6,220639.2,,15,,2,,141855,,,,32,24,166670.8,,400,24,,35802,,,,24,3456000,0,,,3685,0,18,,0,,,9597040,,,16,,,1176,,,,0,,,,7,,210,dRaTmBfHUn,w9ygS99Qp_,,taul,1K8T,ujBx,t_S7E9Z,VwQDfEq,,,qljo,9_Y1,4N0K,VpdQ,hAFG,DHn_WUyBhW_whjA88g9bvA64_,kIsH,uKAI,L84s,CrNX,,,AuSBTw7,EPl3,cJvF,FzaX,KPawGyt,d0EEeJi,F7_Bj8v,LM8l689qOp,,,Qu4f,nIGXDli,R4y5gQQWY8OodqDV,
-1,,,903,7,,,384,,,,160,200,,0,64,,,92.88,15,,,5480652,0,,2.317026,9,3,34,70,,2636272,3,192591,,20,,2,,129843,,,,32,40,363598,,565,72,,145629,-20,,,32,2298300,961818,,,495,0,9,,0,,,10315000,,,20,,,475218,,,,0,,,,0,,,oUPBcmzkzH,RO12,,taul,1K8T,KqYs,oKsne2L,eO3Oseu,,,o1UB,9_Y1,4nnx,VpdQ,IYzP,me75fM6ugJ,kIsH,uKAI,Mtgm,NhsEn4L,,,mAjbk_S,JpN5,cJvF,FzaX,iEXADXQ,oslk,xWWynIC,LM8l689qOp,,,Qcbd,RAYp,F2FyR07IdsN7I,
-1,,,875,0,,,0,,,,120,150,,0,160,,,220.08,0,,,0,0,,4.696433,27,,96,0,,0,0,203421.9,,0,,16,,,,,,32,0,98851.6,,485,0,,61758,-30,,,0,712095,3456000,,,0,0,18,,0,,,10246480,,,4,,,4147200,,,,0,,,,0,,,1KSTmBQxul,RO12,,taul,1K8T,EJC9,EKR938I,DKUDUftgA7,,,Zi9Q,9_Y1,TjV7,VpdQ,sYC_,me75fM6ugJ,kIsH,uKAI,L84s,NhsEn4L,,,beK4AFX,WIMA,UYBR,FzaX,OrnLfvc,oslk,1J2cvxe,LM8l689qOp,,,FSa2,RAYp,F2FyR07IdsN7I,mj86
1,,,854,21,,,464,,,,120,150,,4,96,,,186.64,0,,,251748,0,,4.143773,27,9,40,154,,349864,0,22964.91,,0,,4,,48363,,,,24,40,-1152228,,380,18,,19071,16,,,0,447430,126272,,,2635,0,9,,89754,,,1004540,,,16,,,76932,,,,0,,,,0,,318,TfiBcmzkzH,RO12,,taul,1K8T,kwI9,r34vTzP,nJy8d8N5VniGX,,,uwwf,9_Y1,yrDU,VpdQ,zm5i,me75fM6ugJ,kIsH,uKAI,L84s,NhsEn4L,,,mAja5EA,ykzL,UYBR,FzaX,fabDFjT,oslk,JtcUsvC,LM8l689qOp,,,Qcbd,RAYp,F2FyR07IdsN7I,
-1,,,343,0,,,0,,,,288,360,,6,104,,,166.56,0,,,9588,0,,4.011536,18,6,16,0,,883544,0,22332.39,,10,,24,,403644,,,,48,96,-96118.8,,705,12,,0,4,,,0,2723415,170622,,,0,0,0,,183715,,,3234468,,,62,,,397332,,,,0,,,,0,,,639qrQK2Mx,RO12,,taul,1K8T,487l,fIZ2EMp,_UtlxbJ,,,DANm,9_Y1,15m3,VpdQ,IYzP,7M47J5GA0pTYIFxg5uy,kIsH,uKAI,L84s,NhsEn4L,,,mAja5EA,,,FzaX,YZ2TNgw,oslk,x3aOgRj,LM8l689qOp,,,FSa2,ZI9m,0pzBWGkV3fbsGZN52DH,
-1,,,742,21,,,1256,,,,100,125,,0,24,,,201.36,0,,,4785804,0,167719.2,1.95706,27,9,158,168,,3456000,6,231097.5,,0,,0,,294663,,,,16,40,-280621.2,,465,30,,78543,-24,,,32,3558515,361110,,,2010,0,9,,0,,,8487560,,,24,,,0,,,,0,,,,14,,,1JGTmBQZiT,onTuEhrJJQy_H3IHkZku5AFczhYGqxJ890,,taul,1K8T,PbOJ,fqeOwLG,2TwXCiT,,,E9uJ,9_Y1,TjV7,VpdQ,hAFG,7M47J5GA0pTYIFxg5uy,kIsH,uKAI,Mtgm,leSl,,,teA09W3,vBA_,UYBR,FzaX,fxJmel6,QKW8DRm,WfsWw2A,LM8l689qOp,,,FSa2,ZI9m,iyHGyLCEkQ,am7c
-1,,,966,21,,,4032,,,,180,225,,2,168,,,200,0,,,73764,0,,0.1922666,27,,184,693,,881704,0,50584.8,,0,,18,,,,,,56,32,47441.2,,690,18,,24039,,,,0,748260,499790,,,435,0,27,,168350,,,2372696,,,16,,,426720,,,,0,,,,0,,150,AhzOj17IEC,RO12,SEuy,taul,1K8T,JLbT,fhk21Ss,hCdK,yN1LvEJ,smXZ,OXmF,9_Y1,iVbl,VpdQ,y6dw,7M47J5GA0pTYIFxg5uy,kIsH,uKAI,L84s,_5OXC8MSLt,,kH1z1Pp,11pMFCG,3pjv,cJvF,,4UxGlow,oslk,catzS2D,,,xG3x,7aLG,ZI9m,iyHGyLCEkQ,
-1,,,448,0,,,0,,,,132,165,,2,8,,,186.64,0,,,0,0,,0.5101475,9,,26,0,,4551240,0,227434.2,,10,,2,,,,,,32,56,109776.4,,495,0,,0,4,,,0,9402850,17852,,,0,0,9,,361767,,,10612440,,,44,,,518400,,,,0,,,,0,,,8I1TmBtueT,RO12,,taul,1K8T,TyGl,L7tEXGF,LH0kFz12FM,,,UcKF,9_Y1,C6Eu,sJzTlal,zm5i,me75fM6ugJ,kIsH,uKAI,L84s,NhsEn4L,,,mAja5EA,bfEL,cJvF,,XeiNqhB,oslk,o9Y6TM2,,,,rgKb,RAYp,F2FyR07IdsN7I,
-1,,,,,42,16,,,,,,,,,,,,,,,,,,,2.007477,,,4,,,,,,,,,,,,,,,,,-2281048,,,,,,-20,,,,,,,,,,,,,,,,,,,,,,,,,,,,5366018,,,,Mtpt0G8EIb,RO12,,taul,1K8T,487l,qsgYDSI,N4wu5E1HbRO9C1UjzrM,,,ID43,9_Y1,k13i,,,GjJ35utlTa_GNSvxxpb9ju,kIsH,uKAI,Mtgm,fSKKIQdIPDXgw,,,mAjvby0,g2AX,UYBR,FzaX,vjPtxWD,zCkv,7CnSoTa,LM8l689qOp,,,fKCe,02N6s8f,xwM2aC7IdeMC0,
-1,,,3689,14,,,244,,,,452,565,,2,144,,,302.96,0,,,5232630,0,,6.35847,18,6,30,14,,1665920,0,35287.8,,75,,6,,50397,,,,232,216,99042.4,,3015,108,,720,-22,,,0,2769640,407560,,,65,0,0,,187313,,,9675440,,,64,,,161850,,,,0,,,,0,,210,6m0t0G8rTN,RO12,,taul,1K8T,0Xwj,5EpXqGp,glRbITbnHQ,,,dKVz,HLqf,k13i,VpdQ,IYzP,me75fM6ugJ,sBgB,uKAI,Mtgm,NhsEn4L,,,kZJyVg2,HB7R,cJvF,FzaX,OTgQ8OA,oslk,Vo68gbh,LM8l689qOp,,,fKCe,RAYp,F2FyR07IdsN7I,
-1,0,,,,,,,85,54,0,,,,,,,,,,,0,,,,0.9814142,,,8,,,,,,3,,,,335,,256,108,115965,,,-32738,116666,,,105888,,4,144,469,,,,225.68,0,,,,402,,280405,6,,0,12,,0,,,21,33216,22788.9,,0,10,,,1017906,240,BQavyxLp3Z,RO12,,taul,1K8T,Xa_z,a5zFpID,LH0kFz12FM,,,u3H9,9_Y1,FbIm,09_Q,,me75fM6ugJ,kIsH,uKAI,L84s,NhsEn4L,,,mAja5EA,6tfA,cJvF,FzaX,aTW8jNM,oslk,au82_Lp,LM8l689qOp,,,xb3V,RAYp,F2FyR07IdsN7I,
-1,,,343,0,,,0,,,,244,305,,0,72,,,186.64,0,,,5300292,0,,2.40376,18,3,18,0,,1856648,0,86718.91,,15,,8,,5067,,,,40,64,49944.4,,1250,84,,0,4,,,0,1329585,769208,,,0,0,0,,0,,,10147040,,,46,,,1532766,,,,0,,,,0,,,_v2TmBftjz,RO12,,taul,1K8T,ssAy,77fJ9iC,BcW_jOZe0F,,,3c02,9_Y1,4N0K,VpdQ,IYzP,me75fM6ugJ,kIsH,uKAI,L84s,NhsEn4L,,,mAja5EA,ua_8,cJvF,FzaX,t5EvdH_,oslk,E2dQguc,LM8l689qOp,,,Qu4f,RAYp,F2FyR07IdsN7I,
-1,,,56,0,,,0,,,,60,75,,4,16,,,20.08,0,,,0,0,,1.090579,9,3,14,0,,380056,0,213413.7,,0,,6,,61743,,,,24,40,-553520,,75,0,,0,-10,,,0,2578080,218222,,,0,0,0,,2516598,,,4268280,,,10,,,2369010,,,,0,,,,0,,,JMGrjIXt5a,RO12,,taul,1K8T,0Xwj,BBmwWHr,wSIbcWv,,,m08k,F3hy,nr0d,VpdQ,IYzP,me75fM6ugJ,kIsH,uKAI,L84s,NhsEn4L,,,TDcwKda,fdlJ,cJvF,FzaX,sTyQFhp,oslk,lJxNMua,LM8l689qOp,,,5Acm,RAYp,F2FyR07IdsN7I,
-1,,,1568,7,,,60,,,,304,380,,4,88,,,166.56,0,,,2664,0,,0.867336,18,6,40,56,,187040,0,5447.82,,0,,16,,77802,,,,72,96,24636.44,,995,6,,2196,16,,,0,440325,10454,,,75,0,9,,12628,,,509920,,,88,,,62184,,,,0,,,,0,,,DQlrEyXXnK,RO12,,taul,1K8T,lK27,rRx7ehn,k10MzgT,,,5XIt,9_Y1,SkZj,VpdQ,IYzP,me75fM6ugJ,kIsH,uKAI,L84s,NhsEn4L,,,mAjbk_S,O9FD,UYBR,FzaX,8EdTbnP,oslk,VNjXcTb,LM8l689qOp,,,Aoh3,RAYp,F2FyR07IdsN7I,
-1,,,756,21,,,1852,,,,152,190,,2,64,,,254.72,0,,,4239324,0,,1.642811,27,9,110,21,,4435256,0,205999.2,,5,,2,,15483,,,,32,56,141128.4,,550,72,,78615,,,,0,2892015,1263048,,,2000,0,0,,554407,,,10517160,,,18,,,475206,,,,0,,,,0,,222,gOyvyx7ejg,2Knk1KF,,taul,1K8T,c9jp,kkNNXZR,zA2IZno2NK,,,rlx_,9_Y1,RcM7,VpdQ,sYC_,me75fM6ugJ,kIsH,uKAI,L84s,NhsEn4L,,,kq0aHkC,TddH,UYBR,FzaX,OTgfc8E,oslk,GeD7j0h,jySVZNlOJy,,,szEZ,RAYp,55YFVY9,mj86
-1,,,6139,14,,,160,,,,156,195,,0,16,,,186.64,0,,,5064306,0,,4.851528,36,6,38,63,,790016,0,30911.1,,35,,0,,23658,,,,32,24,204862.4,,875,78,,13653,,,,0,4756105,187158,,,275,0,9,,0,,,10369640,,,28,,,0,,,,0,,,,0,,,NQ5vyxLkBI,RO12,,taul,1K8T,ssAy,Fn0AVx0,76j2P_OLn0,,,TtKo,9_Y1,vzJD,VpdQ,zm5i,me75fM6ugJ,kIsH,uKAI,L84s,NhsEn4L,,,mAjbk_S,hKRL,UYBR,FzaX,Qf2oI0_,oslk,R9o52Lp,LM8l689qOp,,,xb3V,RAYp,F2FyR07IdsN7I,
-1,,,2975,14,,,928,,,,376,470,,8,136,,,166.56,0,,,1107408,0,,0.3907285,27,6,60,371,,475792,0,25841.82,,35,,20,,228999,,,,72,56,296858.8,,1475,138,,46179,36,,,0,813115,331680,,,3035,0,0,,584465,,,3305784,,,60,,,1148022,,,,0,,,,0,,300,25_t0Gdncc,RO12,,taul,1K8T,JLbT,6CXYbuk,r83_sZi,_VHS0rA,,VkuP,9_Y1,cyKH,VpdQ,IYzP,Kxdu,kIsH,g5HH,L84s,9pUnzWLbztKTo,,FhzGE01,TDc92TK,em7_,cJvF,FzaX,ROeipLp,zCkv,K2SqEo9,jySVZNlOJy,,,me1d,6fzt,am14IcfM7tWLrUmRT52KtA,mj86
-1,,,427,7,,,64,,,,108,135,,0,56,,,220.48,0,,,90306,0,,5.491562,9,,46,14,,0,0,16624.29,,5,,2,,,,,,8,0,169538.8,,405,54,,72585,20,,,0,1617175,16818,,,845,0,0,,0,,,1428052,,,18,,,11964,,,,0,,,,0,,372,86ct0Gdncc,RO12,,taul,1K8T,AnrR,SY4EQZQ,Kx8Bdum,,,Zxpj,9_Y1,cyKH,09_Q,IYzP,me75fM6ugJ,kIsH,g5HH,L84s,NhsEn4L,,,TDc4Td_,csgM,cJvF,FzaX,vU6NT4W,oslk,Oh06Kfh,LM8l689qOp,,,me1d,RAYp,F2FyR07IdsN7I,
-1,,,399,7,,,3520,,,,80,100,,0,80,,,76.88,0,,,19908,0,2974.88,2.345653,9,,116,147,,0,0,4359.51,,15,,0,,,,,,24,0,-1524160,,265,42,,43191,-22,,,0,0,34618,,,560,0,9,,0,,,89248,,,0,,,0,,,,0,,,,0,,,3HjOj17ejg,2Knk1KF,,taul,1K8T,4fje,PHNvXy8,CdPgMY1Z52,b1MXuqp,,N7Xz,9_Y1,iVbl,VpdQ,IYzP,NKv3VA1BpP,kIsH,uKAI,Mtgm,Ie_5MZs,,mn23FMG,OFqdri0,NRsw,cJvF,FzaX,UF16siJ,zCkv,APgdzOv,LM8l689qOp,,ELof,7aLG,6fzt,Zy3gnGM,mj86
-1,,,1785,7,,,8904,,,,252,315,,8,72,,,327.28,0,,,925170,0,,2.578936,81,3,242,21,,1299352,6,40342.5,,0,,14,,191946,,,,48,56,-500044,,1055,12,,7641,,,,32,3660160,265932,,,9855,0,45,,1044176,,,4998880,,,76,,,408618,,,,0,,,,14,,,dRagUHXM47,_7J0OGNN8s6gFzbM,,CiJDdr4TQ0rGERIS,1K8T,pE9z,fhk21Ss,EXpWEXgaYpMJ7,,,UBVb,9_Y1,8BBI,VpdQ,y6dw,7M47J5GA0pTYIFxg5uy,kIsH,uKAI,L84s,MeOIHRG3F9,,,EknepHi,ypEX,UYBR,FzaX,4UxGlow,zCkv,catzS2D,LM8l689qOp,,,453m,ZI9m,ZeaF,am7c
-1,,0,,,,,,,,,,,0,,,0,0,,,,,,,,6.193762,,,10,,,,,,,,,,,,,,,,,-682772,,,,,,-14,,,,,,,,,,,,,,,,,,,,,,,,,,,,,,,294,75lTmBtFkL,RO12,,taul,1K8T,2Ix5,qEdASpP,hOpRIhsUSP,,,SOkz,9_Y1,C6Eu,sJzTlal,,me75fM6ugJ,kIsH,uKAI,Mtgm,NhsEn4L,KdSa,,7WwuNea,wzxH,UYBR,FzaX,0AJo2f2,oslk,2Kb5FSF,LM8l689qOp,,,rgKb,RAYp,F2FyR07IdsN7I,
-1,,,84,0,,,0,,,,124,155,,4,56,,,198.88,0,,,6711180,0,,6.207434,9,3,14,0,,2442664,3,240727.5,,15,,2,,49251,,,,24,24,84470.4,,230,54,,0,4,,,16,2501300,792856,,,0,0,0,,1582903,,,10296480,,,16,,,475230,,,,0,,,,7,,,zcRZptzip9,RO12,,taul,1K8T,xgSF,PvuPLzH,_UtlxbJ,,,oIfG,9_Y1,t_4G,VpdQ,IYzP,me75fM6ugJ,kIsH,uKAI,L84s,NhsEn4L,,,kq0RpJL,jF2B,UYBR,FzaX,EFkfR8o,oslk,tBKqqb8,LM8l689qOp,,,Qu4f,RAYp,F2FyR07IdsN7I,
-1,,,1064,7,,,252,,,,28,35,,0,8,,,166.56,0,,,2100486,0,53624.24,3.857082,9,3,82,203,,0,0,26458.95,,5,,2,,0,,,,16,0,-135452.4,,385,18,,77481,4,,,0,1733865,1209600,,,1215,0,18,,0,,,7895480,,,2,,,3628800,,,,0,,,,0,,,Foxt0Go8Lb,RO12,SEuy,taul,1K8T,JLbT,rPAXbNT,o5WT5gy7iu,nq_KYNE,smXZ,dTQd,9_Y1,rGJy,VpdQ,sYC_,DHn_WUyBhW_whjA88g9bvA64_,kIsH,uKAI,L84s,CrNX,,XFLVFt0,pMWQVqj,hPTG,UYBR,qxDb,6VLfFel,d0EEeJi,6YSVTM2,LM8l689qOp,,xG3x,Qu4f,nIGXDli,F2FyR07IdsN7I,
-1,,,889,0,,,0,,,,372,465,,8,72,,,263.52,0,,,4344384,0,,4.229438,9,3,18,0,,2015672,0,42839.7,,35,,6,,373890,,,,64,152,23064.16,,2320,108,,0,-20,,,0,4574375,674122,,,0,0,0,,701939,,,10745720,,,74,,,164664,,,,0,,,,0,,222,DHevyx7IEC,RO12,,taul,1K8T,Bxva,ZBORawV,Gai9lEF2Fr,,,0AJi,9_Y1,YGOC,09_Q,IYzP,me75fM6ugJ,kIsH,uKAI,Mtgm,NhsEn4L,,,kZJtVhC,SMDf,UYBR,FzaX,JO0WZR6,oslk,ZwrmOr3,LM8l689qOp,,,szEZ,RAYp,F2FyR07IdsN7I,
